Canto,Autor,Fuente,Tema o esencia del canto,Significado Teológico,Esencia de Cristo en el canto,Testimonio,Citas del canto y sus paralelos,Otros
A la cena del cordero,Kiko Argüello,"Himno litúrgico pascual (Ad cenam Agni providi); 1 Corintios 5,7-8","Himno pascual que celebra el banquete del Cordero: revestidos con las vestiduras blancas, atravesamos el Mar Rojo guiados por Cristo, nuestra Pascua e inmolado Cordero.","- El banquete pascual: La Eucaristía como la cena del Cordero inmolado cuyos sagrados manjares alimentan al pueblo redimido.
- Las vestiduras blancas del Bautismo: El paso victorioso de las aguas del Mar Rojo como figura del bautismo que lava el pecado.
- Cristo como Cordero y Sacerdote: Víctima pura que ofrece su sangre para saciar la sed de vida inmortal de los creyentes.",Cristo se manifiesta como el Cordero Pascual cuya sangre derramada nos libera del ángel exterminador y nos introduce en el banquete del Reino.,"Testimonio de la comunidad que se acerca con alegría a la mesa de la Eucaristía en el tiempo de Pascua, sabiendo que ha sido revestida de la gracia de Cristo.","«A la cena del cordero revestidos de blancura, cantamos al Señor...»

Apocalipsis (Ap 19,9): «Bienaventurados los que son llamados a...»

«Nuestra pascua, que es Cristo, fue inmolada por nosotros...»

1 Corintios (1Co 5,7): «Porque nuestra pascua, que...»

Éxodo (Ex 12,13): «Y veré la sangre...»","- Uso litúrgico: Tiempo pascual, comunión eucarística y Laudes solemnes.
- Carácter musical: Solemne, festivo, jubiloso y procesional.	"
A la víctima Pascual,Kiko Argüello,Secuencia de Pascua (Victimae Paschali Laudes),El combate admirable entre la muerte y la vida: ofrezcan los cristianos alabanzas a la Víctima pascual que rescató a las ovejas y reconcilió a los pecadores con el Padre.,"- El duelo cósmico de la Pascua: La muerte y la vida se enfrentaron en un combate supremo donde el Príncipe de la vida murió y reina vivo.
- El testimonio de María Magdalena: El interrogatorio sobre lo visto en el camino y la confirmación de la tumba vacía.
- La certeza absoluta de la fe: Sabemos que Cristo ha resucitado verdaderamente de entre los muertos.",Cristo se manifiesta como el Rey Victorioso que rompe las cadenas del sepulcro y reina inmortal.,Testimonio exultante de la Iglesia en la Pascua que canta con firmeza la victoria de Cristo sobre la muerte.,"«A la Víctima pascual ofrezcan alabanzas los cristianos...»

1 Corintios (1Co 5,7): «Nuestra pascua, que es...»

«Muerte y vida se batieron en un duelo admirable...»

1 Corintios (1Co 15,54): «Sorbida es la muerte en...»

«Sabemos que Cristo ha resucitado verdaderamente de entre los muertos...»

Lucas (Lc 24,34): «Ha resucitado el Señor...»","- Uso litúrgico: Domingo de Resurrección, Octava de Pascua y misas del Tiempo Pascual.
- Carácter musical: Exultante, majestuoso, triunfal y coral.	"
A nadie demos ocasión de tropiezo,Kiko Argüello,"2 Corintios 6,3-10","La carta de presentación del ministerio apostólico y cristiano: no dar motivo de escándalo en nada, recomendándose como ministros de Dios en mucha paciencia, tribulaciones, trabajos y amor sincero.","- La transparencia del testimonio: Evitar que el comportamiento personal o comunitario sea un obstáculo para que otros crean en el Evangelio.
- El paradoxo de la cruz en el apóstol: Como moribundos, mas he aquí que vivimos; como entristecidos, pero siempre gozosos; como pobres, pero enriqueciendo a muchos.
- Las armas de la justicia: Vivir armados con la verdad de Dios y la fuerza del Espíritu en medio de las fatigas del mundo.",Cristo se manifiesta como el Servidor humilde que soportó la contradicción y el sufrimiento para abrirnos el camino de la vida.,"Testimonio del catequista o cristiano que cuida sus obras para no escandalizar a los débiles, ofreciendo un testimonio limpio de caridad.","«A nadie demos ocasión de tropiezo en nada, para que el ministerio no sea desacreditado...»

2 Corintios (6,3): «No dándote a nadie ningún...»

«Antes bien, nos recomendamos en todo como ministros de Dios... en mucha paciencia...»

2 Corintios (6,4): «Antes bien, nos recomendamos en...»

«Como desconocidos, pero bien conocidos; como moribundos, mas he aquí que vivimos...»

2 Corintios (6,9): «Como desconocidos, pero bien...»","- Uso litúrgico: Cuaresma, celebraciones de envío misionero y pasos de escrutinio.
- Carácter musical: Severo, exhortativo, firme y con gran profundidad pastoral.	"
A ti levanto mis ojos,Kiko Argüello,Salmo 123 (122),"Súplica humilde de los ojos fijos en el Señor: como los ojos de los sirvientes miran a las manos de sus amos, así nuestros ojos están en el Señor hasta que tenga piedad de nosotros.","- La actitud de total dependencia: El alma se coloca en el umbral de Dios como el esclavo que aguarda la orden o la misericordia de su amo.
- Hartura de desprecio: Clamor ante la burla y la saturación de los arrogantes que oprimen a los pequeños.
- La compasión divina como única tabla de salvación: Apelar exclusivamente a la piedad de Dios frente al abandono del mundo.",Cristo se manifiesta como el Siervo obediente cuyos ojos están fijos en el Padre en medio del ultraje de la Pasión.,"Testimonio del creyente que, sintiéndose despreciado o ignorado por su entorno, eleva su mirada a Dios con paciencia y total confianza.","«A ti levanto mis ojos, a ti que habitas en los cielos...»

Salmos (Sal 123,1): «A ti alcé mis ojos...»

«Como los ojos de los esclavos miran a las manos de sus amos...»

Salmos (Sal 123,2): «He aquí, como los ojos...»

«Ten piedad de nosotros, Señor, ten piedad, que estamos saciados de desprecio...»

Salmos (Sal 123,3): «Ten misericordia de nosotros...»","- Uso litúrgico: Vísperas, celebraciones penitenciales y tiempos de Cuaresma.
- Carácter musical: Suplicante, íntimo, pausado, humilde y contemplativo.	"
"A ti, Señor, en mi clamor imploro",Kiko Argüello,Salmo 142 (141),"El grito desde la cueva del desamparo: con mi voz clamo al Señor, expongo mi queja ante su presencia cuando mi espíritu desfallece, sin hallar a nadie que me conozca ni cuide de mi vida.","- La soledad extrema y el refugio divino: Cuando todos los apoyos humanos fallan y nadie reconoce ni defiende al orante, Dios es su lote y su refugio en la tierra de los vivos.
- La prisión del alma: Librar mi alma de la cárcel para dar gracias a tu nombre; las pruebas como cadenas de las que solo Dios puede desatar.
- La solidaridad de los justos: Los justos me rodearán cuando me colmes de tus bienes.",Cristo se manifiesta como el Justo confinado en la soledad del sepulcro que clama al Padre antes de ser liberado en la Resurrección.,"Testimonio de quien se ha sentido completamente incomprendido o solo en su sufrimiento, encontrando en la oración un refugio donde Dios lo escucha.","«Con mi voz clamo al Señor, con mi voz suplico al Señor...»

Salmos (Sal 142,1): «Con mi voz clamaré...»

«Expongo mi queja ante su presencia, relato mi angustia delante de él...»

Salmos (Sal 142,2): «Delante de él expondré...»

«Mira a mi mano derecha y ve, porque no hay quien me conozca; no tengo refugio...»

Salmos (Sal 142,4): «Mira a la mano derecha...»

«Sácame de la cárcel, para que alabe tu nombre...»

Salmos (Sal 142,7): «Sácame de la prisión...»","- Uso litúrgico: Celebraciones penitenciales, vigilias de oración y momentos de profunda prueba espiritual.
- Carácter musical: Quejumbroso, desgarrador, lento, orante y suplicante.	"
"A ti, Señor, levanto mi alma",Kiko Argüello,Salmo 25 (24),"Súplica de instrucción y perdón: en ti confío, Dios mío, no quede yo defraudado; muéstrame tus caminos, Señor, enséñame tus sendas y guíame en tu verdad.","- La confianza confiada frente a la vergüenza: Quien confía en Dios no experimenta la deshonra definitiva de la perdición.
- Memoria de la misericordia: Olvidar los pecados y rebeldías de la juventud, recordando el amor entrañable que Dios ha tenido desde siempre.
- El secreto de Dios para los temerosos: El Señor confía sus designios y su alianza a quienes le guardan reverencia y fidelidad.","Cristo se manifiesta como el Camino, la Verdad y la Vida que nos enseña los senderos del Padre y borra nuestras culpas.","Testimonio del creyente que implora dirección divina ante decisiones difíciles de la vida, pidiendo no apartarse de los caminos del Señor.","«A ti, Señor, levanto mi alma. Dios mío, en ti confío, no quede yo defraudado...»

Salmos (Sal 25,1-2): «A ti, oh Yahvéh, levantaré...»

«Muéstrame, Señor, tus caminos, enséñame tus sendas...»

Salmos (Sal 25,4): «Muéstrame, oh Yahvéh, tus...»

«Los pecados de mi juventud y mis rebeldías no los acuerdes...»

Salmos (Sal 25,7): «De los pecados de mi...»

«El Señor es bueno y recto; por tanto, enseñará a los pecadores el camino...»

Salmos (Sal 25,8): «Bueno y recto es Yahvéh...»","- Uso litúrgico: Primer domingo de Adviento, celebraciones penitenciales y Cuaresma.
- Carácter musical: Suplicante, íntimo, melódico, confiado y reposado.	"
"A ti, Señor, se debe la alabanza en Sión",Kiko Argüello,Salmo 65 (64),"Himno de acción de gracias por la fertilidad de la tierra y el perdón de los pecados: a ti se debe la alabanza en Sión, oh Dios, y a ti se cumplirán los votos. ¡Tú escuchas la oración!","- El Dios que escucha la oración: A ti acudirá toda carne agobiada por el peso de sus culpas; tú perdonas nuestras rebeldías.
- La elección dichosa: Bienaventurado el que tú eliges y acercas para que habite en tus atrios; nos saciaremos de los bienes de tu casa.
- La providencia sobre la naturaleza: Visitas la tierra y la riegas, ablandas los surcos con lluvia, bendices sus brotes y coronas el año con tus bienes.",Cristo se manifiesta como el Templo verdadero y la Fuente de gracia que perdona los pecados y fecunda con su Espíritu la aridez del mundo.,Testimonio de la comunidad que da gracias a Dios al finalizar las cosechas o tras superar tiempos de crisis material y espiritual.,"«A ti, Señor, se debe la alabanza en Sión, y a ti se cumplirán los votos...»

Salmos (Sal 65,1): «Tu alabanza en Sión...»

«¡Oh tú, que escuchas la oración! A ti acudirá toda carne...»

Salmos (Sal 65,2): «Tú oyes la oración; a...»

«Bienaventurado el que tú escoges y acercas a ti, para que habite en tus atrios...»

Salmos (Sal 65,4): «Bienaventurado el que tú escogieres...»

«Visitas la tierra y la riegas, en grandes riquezas la colmas...»

Salmos (Sal 65,9): «Visitaste la tierra, y la...»","- Uso litúrgico: Eucaristías de acción de gracias, fiestas de la creación, Laudes y ofrendas de primicias.
- Carácter musical: Solemne, jubiloso, luminoso, rítmico y de gran amplitud coral.	"
"A tu luz, Señor, vemos la luz",Kiko Argüello,"Salmo 36 (35),9; Juan 8,12; 2 Corintios 4,6",Proclamación contemplativa: en ti está la fuente de la vida y en tu luz vemos la luz; iluminación del alma que abandona las tinieblas del error para caminar en la claridad de Dios.,"- Dios como Fuente manantial de la existencia: La vida biológica y espiritual brota exclusivamente de la comunión con el Creador.
- La iluminación de la fe: El hombre no puede ver la verdad con sus propias luces racionales; necesita que la luz divina disipe su ceguera.
- La gloria de Dios en el rostro de Cristo: La claridad que resplandece en la resurrección de Jesucristo.",Cristo se manifiesta como la Luz verdadera que ilumina a todo hombre y revela el rostro luminoso del Padre.,Testimonio del creyente que experimenta cómo la fe aclara su sentido de la vida y disipa los miedos y confusiones del pasado.,"«Porque en ti está la fuente de la vida; en tu luz veremos la luz...»

Salmos (Sal 36,9): «Porque contigo está el...»

Juan (Jn 1,4): «En él estaba la...»

2 Corintios (4,6): «Pues Dios, que mandó que...»

1 Pedro (2,9): «Que os llamó de las...»","- Uso litúrgico: Rito del Lucernario, Vigilia Pascual, Laudes y comunión.
- Carácter musical: Sereno, contemplativo, luminoso, breve y profundamente orante.	"
"Abbá, Padre",Kiko Argüello,"Romanos 8,15; Gálatas 4,6; Marcos 14,36","El grito conmovedor de la filiación adoptiva: no habéis recibido un espíritu de esclavitud para temer, sino el Espíritu de adopción por el que clamamos: «¡Abbá, Padre!».","- La intimidad filial con Dios: Llamar a Dios «Abbá» (papá, querido padre) expresa la cercanía entrañable y confiada que Cristo nos ha ganado.
- La acción del Espíritu Santo: Es el Espíritu del Hijo clamando en nuestros corazones el que nos otorga la certeza de ser hijos amados.
- La superación del miedo: La adopción divina disipa el terror al juicio y abre el acceso directo al corazón del Padre.",Cristo se manifiesta como el Hijo Primogénito que comparte con nosotros su misma relación íntima y filial con el Padre.,"Testimonio del cristiano que, agobiado por sentimientos de culpa o rechazo, experimenta en la oración la ternura y el abrazo misericordioso de Dios como Padre.","«Pues no habéis recibido el espíritu de esclavitud para estar otra vez en temor...»

Romanos (Ro 8,15a): «Pues no habéis recibido el...»

«Sino que habéis recibido el espíritu de adopción, por el cual clamamos: ¡Abbá, Padre!...»

Romanos (Ro 8,15b): «Sino que habéis recibido el...»

Gálatas (Ga 4,6): «Y por cuanto sois hijos...»

Marcos (Mc 14,36): «Y decía: Abba, Padre...»","- Uso litúrgico: Celebraciones penitenciales, rito del Padrenuestro, retiros espirituales y oraciones comunitarias.
- Carácter musical: Íntimo, emotivo, cálido, suplicante y de profunda paz filial.	"
Abraham,Kiko Argüello,"Génesis 12,1-4; 15,1-6; 22,1-18; Hebreos 11,8-19","El itinerario de la fe del padre de los creyentes: salir de su tierra y de su parentela hacia la tierra que Dios le mostrará, creyendo contra toda esperanza y dispuesto a ofrecer a su único hijo en el monte Moria.","- La salida de la seguridad mundana: Obedecer el mandato divino de dejar los ídolos y seguridades terrenales para fiarse de una promesa invisible.
- La fe justificada: Abraham creyó a Dios y le fue reputado por justicia.
- La prueba suprema (*Akedá*): La entrega de Isaac como prefiguración del sacrificio del Hijo amado de Dios en el Calvario, provisto por el mismo Señor en el monte.",Cristo se manifiesta como el Cordero sustituto provisto por Dios en el monte Moria y la simiente bendita en quien se cumplen todas las promesas de Abraham.,Testimonio del creyente llamado a dejar sus propios proyectos y seguridades para entrar en el camino de la fe y la voluntad de Dios.,"«Vete de tu tierra y de tu parentela, a la tierra que te mostraré...»

Génesis (Gn 12,1): «Pero Yahvéh había dicho a...»

«Y creyó a Yahvéh, y le fue contado por justicia...»

Génesis (Gn 15,6): «Y creyó a Yahvéh, y...»

Romanos (Ro 4,3): «Porque ¿qué dice la...»

«Toma a tu hijo, tu único, a quien amas, e indícale en sacrificio...»

Génesis (Gn 22,2): «Y dijo: Toma ahora a...»

Hebreos (Hb 11,17): «Por la fe Abraham, cuando...»","- Uso litúrgico: Celebraciones catequéticas sobre la fe, Vigilia Pascual (lectura de Abraham) y convivencias de conversión.
- Carácter musical: Narrativo, solemne, dramático, reflexivo y de gran profundidad espiritual.	"
Aclamaciones a la oración de los fieles,Kiko Argüello,Liturgia de la Eucaristía (Plegaria universal),Respuestas cantadas e invocaciones breves de la asamblea para secundar las peticiones de la oración de los fieles en la Misa.,"- La voz unánime de la Iglesia: La comunidad respalda con un solo clamor las intenciones presentadas por el ministro.
- Confianza en la intercesión: Suplicar al Señor que escuche las necesidades de la Iglesia, de los enfermos y del mundo entero.",Cristo se manifiesta como el Mediador eterno que presenta nuestras súplicas ante el trono del Padre.,"Testimonio de la asamblea unida en la oración comunitaria, intercediendo con fervor por las necesidades del prójimo.","«Óyenos, Señor, te rogamos...»

Juan (Jn 16,23): «De cierto, de cierto os...»

1 Juan (1Jn 5,14): «Y esta es la confianza...»","- Uso litúrgico: Liturgia de la Palabra, durante la oración universal o de los fieles.
- Carácter musical: Breve, responsorial, orante y participativo.	"
Aclamad al Señor,Kiko Argüello,Salmo 100 (99); Salmo 98 (97),"Aclamación jubilosa a la tierra entera: servid al Señor con alegría, entrad en su presencia con cantos de júbilo; reconoced que el Señor es Dios y que nosotros somos su pueblo.","- La alegría en el culto: Servir a Dios no con tristeza o pesadumbre, sino con regocijo y expresiones de júbilo.
- Conciencia de pertenencia: Saber que Él nos hizo y suyos somos; ovejas de su prado.
- La bondad eterna de Dios: Entrar por sus puertas con acción de gracias y por sus atrios con alabanza, porque su misericordia es para siempre.",Cristo se manifiesta como el Buen Pastor que nos congrega en su redil y nos colma de su gracia eterna.,Testimonio de la asamblea dominical que entra al templo dejando atrás sus angustias para alabar a Dios con el corazón gozoso.,"«Aclamad al Señor toda la tierra, servid al Señor con alegría...»

Salmos (Sal 100,1-2): «Cantad alegres a Dios, habitantes...»

«Reconoced que el Señor es Dios; él nos hizo, y suyos somos...»

Salmos (Sal 100,3): «Reconoced que Yahvéh es...»

«Porque el Señor es bueno; para siempre es su misericordia...»

Salmos (Sal 100,5): «Porque Yahvéh es bueno; para...»","- Uso litúrgico: Canto de entrada dominical, Laudes festivos y celebraciones de alabanza.
- Carácter musical: Festivo, alegre, vivo, rítmico, danzante y coral.	"
"Adónde Te escondiste, amado",Kiko Argüello,"San Juan de la Cruz (Cántico Espiritual, Estrofas 1-2)","El grito místico del alma enamorada que busca al Esposo escondido, dejándome herida, saliendo tras sus huellas clamando por su presencia y manifestación.","- La ausencia dolorosa del Amado: El alma experimenta la prueba de la oscuridad y la sed ardiente por hallar al Esposo divino.
- El rastro de la creación: Buscar a Dios a través de las criaturas y de los mensajeros que anuncian su paso.
- La herida de amor: El dardo de amor que deja al alma enferma y deseosa de la visión beatífica.",Cristo se manifiesta como el Esposo místico que se oculta para purificar el anhelo del alma y atraerla hacia la cumbre del monte.,Testimonio del creyente maduro que en medio de la sequedad interior busca incansablemente el rostro de Dios en la oración.,"«¿Adónde te escondiste, Amado, y me dejaste con gemido?...»

Cantares (Ct 5,6): «Busqué mi amado, y...»

«Salí tras ti clamando, y eras ido...»

Cantares (Ct 3,1): «Por las noches busqué en...»

Salmos (Sal 42,1-2): «Como el ciervo brama...»","- Uso litúrgico: Vigilias contemplativas, retiros espirituales, comunión y oración de silencio.
- Carácter musical: Íntimo, místico, reposado, melancólico y de profunda hondura espiritual.	"
Al despertar,Kiko Argüello,Salmo 17 (16),Súplica confiada del inocente probado de noche que busca el juicio favorable de Dios y halla su plenitud contemplando el rostro divino al despertar.,- Examen en la noche: Dios prueba y sondea el corazón sin hallar malicia.\n- Refugio bajo las alas: Protección frente al león que acecha y los perseguidores mundanos.\n- La saciedad escatológica: La saciedad del impío es caduca; la del creyente es saciarse de la figura de Dios al despertar de la muerte.,"Cristo es el Justo Inocente que ora en Getsemaní, vence la prueba nocturna de la cruz y despierta en la mañana luminosa de la Pascua.",Testimonio del hermano probado en la calumnia o sufrimiento que no se venga y duerme en paz esperando la justicia de Dios.,"«Escucha, Señor, mi causa justa...»\n\nSalmos (Sal 17,1): «Oye, oh Yahvéh, una causa justa...»\n\n«Tú has sondeado mi corazón...»\n\nSalmos (Sal 17,3): «Tú has probado mi corazón...»\n\n«Guárdame a la sombra de tus alas...»\n\nSalmos (Sal 17,8): «Guárdame bajo la sombra...»\n\n«Al despertar me saciaré de tu semblante...»\n\nSalmos (Sal 17,15): «Estaré satisfecho cuando despierte...»\n\n1 Juan (1Jn 3,2): «Le veremos tal como él es...»","- Uso litúrgico: Laudes, vigilias penitenciales y tiempo pascual.\n- Carácter musical: Contemplativo y solemne."
Alabad al Señor en el cielo,Kiko Argüello,Salmo 148,"Himno de alabanza cósmica universal donde toda la creación, seres celestes y terrestres, se unen para exaltar el Nombre excelso de Yahvéh.","- Liturgia cósmica: Ángeles, astros, abismos y montes forman un coro universal de alabanza.\n- Reconocimiento de la creaturalidad: Toda criatura existe por mandato divino.\n- Exaltación del pueblo escogido: Dios levanta la fuerza y gloria de sus fieles.","Cristo es el Primogénito de toda la creación por quien y para quien todo fue hecho, Cabeza del universo redimido.",Voz de la asamblea que sale del encierro interior y une su canto al pulso de la creación entera para glorificar a Dios.,"«Alabad al Señor en el cielo...»\n\nSalmos (Sal 148,1): «Alabad a Yahvéh desde los cielos...»\n\n«Alabadlo, sol y luna...»\n\nSalmos (Sal 148,3): «Alabadle, sol y luna...»\n\n«Reyes de la tierra y pueblos todos...»\n\nSalmos (Sal 148,11): «Los reyes de la tierra...»\n\n«Él ensalza la fuerza de su pueblo...»\n\nSalmos (Sal 148,14): «Él ha exaltado el poderío...»\n\nApocalipsis (Ap 5,13): «Y a todo lo creado...»","- Uso litúrgico: Laudes solemnes de domingos y días de fiesta.\n- Carácter musical: Jubiloso, festivo y rítmico."
"Alegría, ha nacido el Salvador",Kiko Argüello,"Lucas 2,10-14; Isaías 9,1-6",Anuncio jubiloso del cumplimiento de las promesas mesiánicas con el nacimiento del Salvador en Belén.,- La luz en las tinieblas: La encarnación del Verbo irrumpe en la noche humana trayendo perdón y paz.\n- La buena noticia a los pobres: El anuncio del ángel va dirigido primero a los pastores marginados.\n- La paz mesiánica: Gloria en las alturas y reconciliación para los hombres amados por Dios.,"Cristo es el Enmanuel, el Dios-con-nosotros, nacido pobre en el pesebre para enriquecernos con su divinidad.",Experiencia del creyente que ve disipada la tristeza del pecado con la llegada real de Cristo a su historia concreta.,"«Os anuncio una gran alegría...»\n\nLucas (Lc 2,10): «Os doy nuevas de gran gozo...»\n\n«Hoy os ha nacido un Salvador...»\n\nLucas (Lc 2,11): «Que os ha nacido hoy...»\n\n«Gloria a Dios en el cielo y paz en la tierra...»\n\nLucas (Lc 2,14): «¡Gloria a Dios en las alturas...»\n\nIsaías (Is 9,6): «Porque un niño nos es nacido...»","- Uso litúrgico: Tiempo de Navidad, Nochebuena y Misa del Gallo.\n- Carácter musical: Alegre, pastoral y danzante."
Aleluya Pascual,Kiko Argüello,"Liturgia Pascual; 1 Corintios 5,7-8; Salmo 118 (117)",Aclamación triunfal del Misterio Pascual que proclama a Cristo resucitado de entre los muertos como nuestro Cordero inmolado.,- Victoria sobre el abismo: La muerte ha sido devorada en la victoria de Cristo.\n- Fiesta sin levadura vieja: Llamada a vivir en la verdad y sinceridad de la vida nueva.\n- Piedra angular: La piedra desechada por los constructores se convierte en base de la salvación.,Cristo es el Cordero inmolado que destruye la muerte y ofrece su victoria a la asamblea.,Certeza existencial de la comunidad de que el pecado ya no tiene la última palabra y la muerte ha sido vencida.,"«Cristo, nuestra Pascua, ha sido inmolado...»\n\n1 Corintios (1Co 5,7): «Nuestra pascua, que es Cristo...»\n\n«Celebremos la fiesta con panes sin levadura...»\n\n1 Corintios (1Co 5,8): «Así que celebremos la fiesta...»\n\n«La piedra que desecharon los arquitectos...»\n\nSalmos (Sal 118,22): «La piedra que desecharon los...»\n\nRomanos (Ro 6,9): «Cristo, habiendo resucitado de los...»",- Uso litúrgico: Vigilia Pascual y Domingos del Tiempo Pascual.\n- Carácter musical: Solemne y de júbilo desbordante.
"Aleluya, alabad al Señor",Kiko Argüello,Salmo 150,Doxología final del Salterio que convoca a una alabanza instrumental y coral plena por las proezas del Creador.,- Plenitud de la alabanza: Todos los instrumentos de música bíblicos convocados para el culto divino.\n- Todo ser viviente alaba: La respiración del hombre halla su meta en bendecir a Dios.\n- Santuario y firmamento: El cielo y la tierra unidos en adoración ininterrumpida.,"Cristo es la obra magna del poder de Dios, resucitado y ensalzado por encima de todo principado.",Testimonio de liberación donde el alma agradecida consagra todas sus facultades para la alabanza del Señor.,"«Alabad a Dios en su santuario...»\n\nSalmos (Sal 150,1): «Alabad a Dios en su santuario...»\n\n«Alabadlo por sus hazañas...»\n\nSalmos (Sal 150,2): «Alabadle por sus proezas...»\n\n«Todo ser que alienta alabe al Señor...»\n\nSalmos (Sal 150,6): «Todo lo que respira alabe...»\n\nApocalipsis (Ap 19,5): «Alabad a nuestro Dios todos...»","- Uso litúrgico: Conclusión de Laudes, ritos de comunión y fiestas comunitarias.\n- Carácter musical: Exuberante, rápido y festivo."
"Aleluya, bendecid al Señor",Kiko Argüello,Salmo 134 (133),Bendición nocturna de los siervos del Señor que custodian el santuario durante las vigilias.,- La vigilia santa: La alabanza que no descansa ni en medio de las tinieblas de la noche.\n- Elevación de manos: Gesto litúrgico de súplica sacerdotal y bendición mutua.\n- Bendición desde Sión: Dios bendice a su pueblo desde su santa morada terrena y celestial.,Cristo es el Siervo fiel que oró en vela en las noches y bendijo al Padre en la cruz.,Testimonio del centinela y del cristiano que persevera en oración frente a las pruebas y la oscuridad del mundo.,"«Bendecid al Señor, siervos del Señor...»\n\nSalmos (Sal 134,1): «Mirad, bendecid a Yahvéh, vosotros...»\n\n«Los que estáis de noche en la casa del Señor...»\n\nSalmos (Sal 134,1b): «Los que en la casa...»\n\n«Levantad las manos al santuario...»\n\nSalmos (Sal 134,2): «Alzad vuestras manos al santuario...»\n\n«El Señor te bendiga desde Sión...»\n\nSalmos (Sal 134,3): «Desde Sión te bendiga Yahvéh...»\n\n1 Timoteo (1Tm 2,8): «Levantando manos santas, sin ira...»","- Uso litúrgico: Completas, vigilias de oración y celebraciones nocturnas.\n- Carácter musical: Recogido, reposado y reverente."
"Aleluya, ya llegó el reino",Kiko Argüello,"Apocalipsis 19,1-9",Canto escatológico de las bodas del Cordero y la caída definitiva de los poderes del mal.,- El triunfo de Dios: Proclamación soberana de que el reinado de Dios se ha consumado.\n- La Esposa engalanada: La Iglesia ataviada de lino resplandeciente por las obras santas.\n- El banquete nupcial: Dicha eterna para quienes son convidados a las bodas del Cordero.,Cristo es el Esposo glorioso y triunfador que acoge a su Iglesia purificada por su sangre.,Testimonio de la comunidad peregrina que celebra con anticipación la victoria final sobre toda opresión.,"«Aleluya, el reino de Dios ha llegado...»\n\nApocalipsis (Ap 19,6): «Porque el Señor nuestro Dios...»\n\n«Gocémonos y alegrémonos y démosle gloria...»\n\nApocalipsis (Ap 19,7): «Gocémonos y alegrémonos y démosle...»\n\n«Han llegado las bodas del Cordero...»\n\nApocalipsis (Ap 19,7b): «Porque han llegado las bodas...»\n\n«Dichosos los invitados al banquete...»\n\nApocalipsis (Ap 19,9): «Bienaventurados los que son llamados...»\n\nMateo (Mt 25,10): «Y entraron con él a...»","- Uso litúrgico: Vísperas bautismales, Pascua y fiestas solemnes.\n- Carácter musical: Majestuoso, rítmico y danzante."
"Alzaos, puertas",Kiko Argüello,"Salmo 24 (23),7-10","Entrada triunfal del Rey de la Gloria en su santuario, invitando a ensanchar los portales eternos.",- El Rey de la gloria: Dios omnipotente y valeroso en la batalla entra a morar en medio de su pueblo.\n- Apertura de las puertas antiguas: Caída de los cerrojos de la muerte y del pecado.\n- El Señor de los ejércitos: Soberanía de Dios sobre todo poder cósmico y terrenal.,Cristo vencedor que asalta las puertas de los infiernos tras la muerte y asciende victorioso al Padre.,Voz de la comunidad que invita al hombre a derribar los muros de su soberbia para que reine Jesucristo.,"«¡Portones, alzad los dinteles!...»\n\nSalmos (Sal 24,7): «Alzad, oh puertas, vuestras cabezas...»\n\n«¿Quién es ese Rey de la gloria?...»\n\nSalmos (Sal 24,8): «¿Quién es este Rey de...»\n\n«El Señor de los ejércitos, él es el Rey de la gloria...»\n\nSalmos (Sal 24,10): «Yahvéh de los ejércitos, él...»\n\nEfesios (Ef 4,8): «Subiendo a lo alto, llevó...»\n\nApocalipsis (Ap 3,20): «He aquí, yo estoy a...»","- Uso litúrgico: Entrada solemne del Domingo de Ramos, Ascensión y Vigilia Pascual.\n- Carácter musical: Estilo procesional, firme y con fuerza épica."
"Amén, Amén, Amén",Kiko Argüello,"Apocalipsis 7,12; Romanos 11,36; Liturgia Eucarística",Aclamación trinitaria y doxológica de adhesión total al designio y majestad del Dios de amor.,"- El Amén como fidelidad y verdad: Asentimiento sin fisuras de la fe a la obra de Dios.\n- Doxología celestial: La bendición, gloria, honor y poder pertenecen por siempre al Creador.\n- Comunión eucarística: Conclusión de la anáfora donde el pueblo ratifica el memorial del sacrificio.","Cristo es el Amén viviente, el testigo fiel y veraz que sella todas las promesas de salvación.",Testimonio de la asamblea que rubrica con su vida y canto la pertenencia y entrega filial al Padre.,"«Amén, la bendición y la gloria...»\n\nApocalipsis (Ap 7,12): «Amén. La bendición y la...»\n\n«De él, por él y para él son todas las cosas...»\n\nRomanos (Ro 11,36): «Porque de él, y por...»\n\n2 Corintios (2Co 1,20): «Por medio de él, el...»\n\nApocalipsis (Ap 3,14): «He aquí el Amén, el...»","- Uso litúrgico: Gran Amén al final de la Plegaria Eucarística y conclusión de oraciones litúrgicas.\n- Carácter musical: Breve, rotundo, solemne y aclamativo."
Amo al Señor,Kiko Argüello,Salmo 116 (115),Acción de gracias del creyente rescatado de los lazos de la muerte y los peligros del abismo.,- Respuesta al amor de Dios: El alma ama porque Dios escuchó el gemido de su súplica angustiada.\n- El cáliz de salvación: Ofrecimiento eucarístico y cumplimiento de votos en presencia del pueblo.\n- La muerte de los santos: Para Dios no pasa inadvertida la prueba y entrega de sus fieles.,"Cristo es el Justo que bebió el cáliz del sufrimiento, pasó por la muerte y fue glorificado por el Padre.",Testimonio del pecador liberado de la esclavitud de sus vicios o depresiones que proclama las maravillas de Dios.,"«Amo al Señor porque escucha mi voz suplicante...»\n\nSalmos (Sal 116,1): «Amo a Yahvéh, pues ha...»\n\n«Me envolvían redes de muerte...»\n\nSalmos (Sal 116,3): «Me ligaron dolores de la...»\n\n«¿Cómo pagaré al Señor todo el bien que me ha hecho?...»\n\nSalmos (Sal 116,12): «¿Qué pagaré a Yahvéh por...»\n\n«Alzaré la copa de la salvación...»\n\nSalmos (Sal 116,13): «Tomaré la copa de la...»\n\n1 Corintios (1Co 10,16): «La copa de bendición que...»","- Uso litúrgico: Jueves Santo, rito de Comunión y celebraciones de acción de gracias.\n- Carácter musical: Sentido, lírico, orante y con creciente agradecimiento."
Antífona para el evangelio,Kiko Argüello,"Liturgia de la Palabra; Mateo 24,35; Juan 6,68",Aclamación previa a la proclamación del Santo Evangelio que prepara a la asamblea para acoger la Palabra viva y eterna de Jesucristo.,"- Centralidad de la Palabra evangélica: El Evangelio no es un libro del pasado, sino Cristo mismo hablando hoy a su Iglesia.
- Disposición del corazón: Purificación del oído interior para acoger la semilla de la verdad divina.
- Fe en la promesa: Certeza de que el cielo y la tierra pasarán, mas las palabras del Señor no pasarán.","Cristo se manifiesta como la Palabra Encarnada, el Verbo eterno del Padre que tiene palabras de vida eterna.",Testimonio de la comunidad que se pone en pie con reverencia para escuchar la voz del Maestro que ilumina su presente.,"«Cielo y tierra pasarán, pero mis palabras no pasarán...»

Mateo (Mt 24,35): «El cielo y la tierra...»

Lucas (Lc 21,33): «Mis palabras no pasarán...»

«Tú tienes palabras de vida eterna...»

Juan (Jn 6,68): «Señor, ¿a quién iremos?...»

1 Pedro (1P 1,25): «Mas la palabra del Señor...»","- Uso litúrgico: Antes de la proclamación del Evangelio en la Eucaristía y celebraciones de la Palabra.
- Carácter musical: Breve, solemne y aclamativo."
Aquedah,Kiko Argüello,"Génesis 22,1-19; Tradición del Targum Neofiti","El sacrificio y la atadura («Aquedá») de Isaac en el monte Moriah, revelando el secreto de la fe y la entrega voluntaria por amor.","- La atadura voluntaria: Isaac no es llevado a la fuerza; se ofrece libremente y pide ser atado con fuerza para no invalidar el sacrificio por un movimiento involuntario.
- Purificación de la ofrenda: La obediencia filial perfecta que agrada a Dios por encima del holocausto ritual.
- La sustitución pascual: Dios detiene el cuchillo y entrega el carnero, figura del rescate universal.",Cristo es el verdadero Isaac que se ata voluntariamente al madero de la cruz sin abrir la boca por amor al Padre y al hombre.,"Testimonio del creyente que aprende a no rebelarse ante la cruz ni maldecir la prueba, descubriendo la gloria de la entrega voluntaria.","«Átame, padre mío, átame fuerte...»

Génesis (Gn 22,9): «Ató a Isaac su hijo...»

Filipenses (Flp 2,8): «Se humilló a sí mismo...»

«Para que mi sacrificio sea perfecto...»

Hebreos (Hb 10,7): «He aquí que vengo...»

«Dios vio la fe de Abraham y la sumisión de Isaac...»

Génesis (Gn 22,12): «Ahora conozco que temes...»

Santiago (Stg 2,21): «¿No fue justificado por obras...»","- Uso litúrgico: Vigilia Pascual, convivencias de transmisión y celebraciones sobre la fe.
- Carácter musical: Dramático, íntimo y profundamente conmovedor."
Así habla el Amén,Kiko Argüello,"Apocalipsis 3,14-22","Llamada profética y urgente a la conversión de la Iglesia de Laodicea, sacudiendo la tibieza y ofreciendo el oro de la fe purificada.","- La tragedia de la tibieza espiritual: El peligro de no ser frío ni caliente, creyéndose rico y autosuficiente mientras se está ciego, desnudo y miserable.
- El consejo divino: Comprar de Cristo oro acrisolado al fuego (fe probada), vestiduras blancas (justicia) y colirio (visión espiritual).
- La paciencia del Señor a la puerta: Dios no fuerza la entrada; llama con delicadeza al corazón del hombre para cenar con él.","Cristo es el Amén, el Testigo fiel y veraz, el Principio de la creación de Dios que corrige a los que ama para salvarlos.","Testimonio del hermano que sale del autoengaño burgués y de la rutina religiosa al descubrir su pobreza radical, abriendo la puerta a Cristo.","«Así habla el Amén, el testigo fiel y veraz...»

Apocalipsis (Ap 3,14): «He aquí el Amén, el...»

«Ojalá fueses frío o caliente, pero por cuanto eres tibio te vomitaré de mi boca...»

Apocalipsis (Ap 3,15-16): «Por cuanto eres tibio...»

«Te aconsejo que de mí compres oro refinado...»

Apocalipsis (Ap 3,18): «Que de mí compres oro...»

«Mira que estoy a la puerta y llamo...»

Apocalipsis (Ap 3,20): «He aquí, yo estoy a...»

Cantares (Ct 5,2): «Es la voz de mi...»","- Uso litúrgico: Celebraciones penitenciales, escrutinios de conversión y tiempo de Cuaresma.
- Carácter musical: Enérgico, con autoridad profética y llamada vehemente."
Ave María I,Kiko Argüello,"Lucas 1,28.42; Tradición Litúrgica Mariana","Plegaria angélica y eclesial a la Madre de Dios, contemplando la plenitud de gracia que habitó en su seno y su intercesión perenne.","- La Llena de Gracia (Kejaritomene): María es la morada purísima de la Trinidad, preservada de todo pecado.
- El Fruto bendito del vientre: La bendición definitiva que rompe la maldición de Eva y llena la tierra de salvación.
- Intercesión eclesial: La Iglesia suplica el amparo de la Madre en las pruebas del presente y en la hora de la partida final.","Cristo es el Fruto bendito del vientre de la Virgen María, el Hijo del Altísimo hecho carne por obra del Espíritu Santo.",Testimonio del cristiano que halla en María consuelo maternal en el sufrimiento y refugio seguro frente al combate del maligno.,"«Dios te salve, María, llena eres de gracia...»

Lucas (Lc 1,28): «¡Salve, muy favorecida!...»

«El Señor es contigo...»

Jueces (Jue 6,12): «Yahvéh está contigo, varón esforzado...»

«Bendita tú entre las mujeres y bendito el fruto de tu vientre...»

Lucas (Lc 1,42): «Bendita tú entre las mujeres...»

«Santa María, Madre de Dios, ruega por nosotros pecadores...»

Juan (Jn 19,27): «He ahí tu madre...»

Lucas (Lc 1,48): «Me dirán bienaventurada todas las...»","- Uso litúrgico: Rezo del Santo Rosario, celebraciones marianas y conclusión de Laudes/Vísperas.
- Carácter musical: Melódico, dulce, orante y sosegado."
Ave María II,Kiko Argüello,"Lucas 1,28.42; Tradición Litúrgica Mariana","Segunda adaptación melódica de la salutación angélica con un carácter reposado, contemplativo y de honda unción comunitaria.","- Salutación del mensajero divino: El anuncio que inaugura el Nuevo Testamento y la reconciliación del cielo con la tierra.
- La maternidad divina (Theotokos): Reconocimiento de María como verdadera Madre de Dios según la humanidad del Verbo.
- Refugio de los pecadores: Invocación confiada del pueblo herido que sabe acudir a la ternura de la Madre de la Iglesia.",Cristo es el Enmanuel concebido en el vientre purísimo de María para rescatar a la humanidad perdida.,Testimonio de la comunidad que experimenta la protección maternal de la Virgen en medio de las tormentas familiares y existenciales.,"«Dios te salve, María, llena eres de gracia...»

Lucas (Lc 1,28): «El Señor es contigo...»

«Bendita tú entre todas las mujeres...»

Lucas (Lc 1,42): «Y bendito el fruto de...»

«Santa María, Madre de Dios...»

Lucas (Lc 1,43): «¿De dónde esto a mí?...»

«Ruega por nosotros ahora y en la hora de nuestra muerte...»

Juan (Jn 2,5): «Haced todo lo que os...»

Hechos (Hch 1,14): «Perseveraban unánimes en oración con...»","- Uso litúrgico: Fiestas de la Santísima Virgen María, Santo Rosario y acción de gracias tras la Eucaristía.
- Carácter musical: Íntimo, sereno, meditativo y de respiración amplia."
Babilonia criminal,Kiko Argüello,Salmo 137 (136),"Canto de destierro, llanto junto a los canales de Babilonia y fidelidad inquebrantable a la memoria viva de Jerusalén.","- El llanto del destierro: El alma cautiva por el pecado no puede cantar los himnos de Sión en tierra extranjera ni pactar con sus captores.
- La memoria de Jerusalén: Preferir a la Iglesia y la vida divina por encima de cualquier gozo humano efímero.
- El juicio contra el opresor: La promesa infalible de la destrucción de Babilonia (figura del demonio y del sistema del mundo).","Cristo es la verdadera Jerusalén celestial, nuestro reposo y patria definitiva a quien el alma añora en medio de este mundo peregrino.","Testimonio de quien ha sido esclavo de los vicios del mundo y, hastiado de esa falsedad, llora su pecado y prefiere a Cristo antes que todo placer mundano.","«Junto a los canales de Babilonia nos sentamos a llorar...»

Salmos (Sal 137,1): «Junto a los ríos de...»

«¿Cómo cantar un cántico del Señor en tierra extranjera?...»

Salmos (Sal 137,4): «¿Cómo cantaremos cántico de Yahvéh...»

«Si me olvido de ti, Jerusalén, que se pegue mi lengua al paladar...»

Salmos (Sal 137,5-6): «Si me olvidare de ti...»

«Hija de Babilonia criminal, dichoso quien te pague el mal que nos hiciste...»

Salmos (Sal 137,8): «Hija de Babilonia la desolada...»

Apocalipsis (Ap 18,2): «Ha caído, ha caído la...»

Apocalipsis (Ap 18,20): «Alégrate sobre ella, cielo...»","- Uso litúrgico: Tiempo de Cuaresma, celebraciones penitenciales y pasos de precatecumenado.
- Carácter musical: Melancólico, hondo, con fuerza dramática en la imprecación final."
Balaam,Kiko Argüello,"Números 23,7-10.18-24; 24,5-9.17","Oráculo profético del adivino pagano Balaam que, seducido por Dios, no puede maldecir a Israel sino que proclama su bendición cósmica y la estrella mesiánica.","- La soberanía irrevocable de Dios: La bendición que Yahvéh decreta sobre su pueblo no puede ser revertida por ninguna magia, ídolo o poder humano.
- La belleza de las tiendas de Jacob: Admiración ante la armonía y comunión de la comunidad conducida por Dios por el desierto.
- El oráculo de la Estrella: Anuncio mesiánico del Cetro que se levantará de Jacob para aplastar a los enemigos del Reino.",Cristo es la Estrella radiante de la mañana que surge de Jacob y el Rey ungido cuyo cetro rige con justicia y libertad.,"Testimonio de la comunidad que comprueba cómo los ataques, calumnias o maldiciones del mundo son transformados por Dios en motivo de bendición y fruto apostólico.","«De Aram me ha traído Balaq, el rey de Moab...»

Números (Nm 23,7): «De Aram me trajo Balac...»

«¿Cómo maldeciré a quien no maldice Dios?...»

Números (Nm 23,8): «¿Por qué maldeciré yo al...»

«¡Qué hermosas son tus tiendas, oh Jacob; tus moradas, oh Israel!...»

Números (Nm 24,5): «¡Cuán hermosas son tus tiendas...»

«Avanza una estrella de Jacob, surge un cetro de Israel...»

Números (Nm 24,17): «Saldrá ESTRELLA de Jacob, y...»

Apocalipsis (Ap 22,16): «Yo soy la raíz y...»

Romanos (Ro 8,31): «Si Dios es por nosotros...»","- Uso litúrgico: Tiempo de Adviento, celebraciones comunitarias y etapas de elección.
- Carácter musical: Místico, con aire oriental y cadencia solemne y festiva."
Bendeciré al Señor en todo tiempo,Kiko Argüello,Salmo 34 (33),Acción de gracias del pobre liberado de todas sus angustias que proclama la bondad del Señor e invita a gustar y ver qué bueno es Dios.,"- La alabanza continua: La bendición a Dios en toda circunstancia, no solo en la bonanza sino en medio del sufrimiento.
- Experiencia del rescate: El pobre clama, Dios le escucha y acampa su ángel alrededor de los que le temen para salvarlos.
- Cercanía a los quebrantados: Dios está cerca de los corazones rotos y de los espíritus hundidos por el desánimo.","Cristo es el Justo cuyos huesos no son quebrantados (Jn 19,36) y que ofrece su Cuerpo y Sangre como manjar para «gustar y ver» la salvación.","Testimonio de quien ha estado cercado por el pánico y las deudas morales o materiales, y da fe ante la asamblea de que Dios lo sacó de todas sus pesadillas.","«Bendeciré al Señor en todo tiempo, su alabanza en mi boca siempre...»

Salmos (Sal 34,1): «Bendeciré a Yahvéh en todo...»

«Que lo oigan los humildes y se alegren...»

Salmos (Sal 34,2): «En Yahvéh se gloriará mi...»

«Contempladlo y quedaréis radiantes, vuestro rostro no se avergonzará...»

Salmos (Sal 34,5): «Los que miraron a él...»

«Si el afligido clama, el Señor lo escucha y lo libra de sus angustias...»

Salmos (Sal 34,6): «Este pobre clamó, y le...»

«Gustad y ved qué bueno es el Señor...»

Salmos (Sal 34,8): «Gustad, y ved que es...»

1 Pedro (1P 2,3): «Si es que habéis gustado...»

Juan (Jn 19,36): «No será quebrado hueso suyo...»","- Uso litúrgico: Canto de Comunión, celebraciones de acción de gracias y Laudes.
- Carácter musical: Alegre, luminoso, rítmico y con estribillo participativo."
"Bendice, alma mía, a Yahveh",Kiko Argüello,Salmo 103 (102),"Himno supremo a la compasión y paternidad de Dios, que rescata la vida de la fosa y colma al creyente de gracia y ternura.","- El perdón que restaura: Dios olvida las rebeliones, sana todas las enfermedades y corona de amor al humillado.
- La medida del amor divino: Tan lejos dista el oriente del occidente, así aparta nuestras culpas; su amor es más alto que el cielo sobre la tierra.
- Consciencia de nuestra fragilidad: Dios conoce de qué barro fuimos hechos, que el hombre pasa como flor silvestre, mas su Alianza es eterna.",Cristo es la misericordia entrañable del Padre que baja a la fosa de nuestra muerte y renueva nuestra juventud como la del águila.,"Testimonio del pecador perdonado que no guarda rencor a su historia pasada, reconociendo que Dios ha sido infinitamente paciente y misericordioso con él.","«Bendice, alma mía, a Yahvéh, y todo mi ser a su santo nombre...»

Salmos (Sal 103,1): «Bendice, alma mía, a Yahvéh...»

«Él perdona todas tus culpas y cura todas tus enfermedades...»

Salmos (Sal 103,3): «Él es quien perdona todas...»

«Él rescata tu vida de la fosa y te colma de gracia y de ternura...»

Salmos (Sal 103,4): «El que rescata del hoyo...»

«Como se compadece un padre de sus hijos, así se compadece el Señor...»

Salmos (Sal 103,13): «Como el padre se compadece...»

«Pues él sabe de qué estamos hechos, se acuerda de que somos polvo...»

Salmos (Sal 103,14): «Porque él conoce nuestra condición...»

Efesios (Ef 2,4-5): «Pero Dios, que es rico...»","- Uso litúrgico: Eucaristías de penitencia y reconciliación, acción de gracias y Laudes solemnes.
- Carácter musical: Majestuoso, sereno, profundamente cálido y esperanzador."
Bendición del agua,Kiko Argüello,Liturgia Bautismal; Génesis 1; Éxodo 14; Mateo 3,Plegaria litúrgica de consagración del agua bautismal que recorre la historia de la salvación desde la creación hasta el bautismo de Cristo.,"- Memorial de las aguas sagradas: El Espíritu que aleteaba sobre las aguas primordiales, el diluvio purificador y el paso del Mar Rojo.
- La fuente de la vida nueva: El costado abierto de Cristo de donde mana agua y sangre para lavar las faltas del mundo.
- Efusión del Espíritu Santo: Petición para que el agua del seno de la Iglesia engendre hijos libres para la eternidad.",Cristo es la roca herida en el desierto de cuyo costado brota el agua viva del Espíritu que apaga la sed y purifica a la humanidad.,Testimonio de los catecúmenos y de la comunidad que contempla en la pila bautismal el sepulcro de su hombre viejo y la cuna de su regeneración espiritual.,"«Señor, que tu Espíritu aleteaba sobre las aguas...»

Génesis (Gn 1,2): «Y el Espíritu de Dios...»

«Hiciste pasar a pie enjuto a los hijos de Abraham por el Mar Rojo...»

Éxodo (Ex 14,22): «Y los hijos de Israel...»

«Del costado traspasado de tu Hijo manó sangre y agua...»

Juan (Jn 19,34): «Pero uno de los soldados...»

«Descienda sobre esta agua el poder del Espíritu Santo...»

Mateo (Mt 28,19): «Bautizándolos en el nombre del...»

Tito (Tt 3,5): «Nos salvó por el lavacro...»","- Uso litúrgico: Rito del Bautismo durante la Vigilia Pascual y celebraciones de iniciación cristiana.
- Carácter musical: Solemne, orante y sacerdotal."
"Bendita eres tú, María",Kiko Argüello,"Lucas 1,42-45; Génesis 3,15; Judit 13,18","Cántico de alabanza y júbilo a la Santísima Virgen María por haber creído la palabra del Señor, rompiendo la desobediencia de Eva.","- La bienaventuranza de la fe: «¡Dichosa tú que has creído!», María es el modelo insuperable del discípulo que acoge y deja germinar la Palabra.
- La Nueva Eva: Su sí incondicional aplasta la cabeza de la serpiente y abre paso a la salvación prometida.
- La visita portadora del Espíritu: En su encuentro con Isabel, su voz y la presencia del Salvador hacen saltar de gozo al Bautista en el vientre materno.",Cristo es el Fruto bendito y el Salvador esperado que habita en el seno virginal de María para traer redención al mundo.,"Testimonio de quien experimenta que creer a la palabra de Dios, aunque parezca imposible a los ojos del mundo, engendra vida y consuelo auténtico.","«Bendita eres tú entre las mujeres y bendito es el fruto de tu vientre...»

Lucas (Lc 1,42): «¡Bendita tú entre las mujeres...»

«¿De dónde a mí que la madre de mi Señor venga a visitarme?...»

Lucas (Lc 1,43): «¿Por qué se me concede...»

«Dichosa tú que has creído, porque se cumplirá lo que te fue dicho...»

Lucas (Lc 1,45): «Y bienaventurada la que creyó...»

Judit (Jdt 13,18): «Bendita seas tú, hija, del...»

Génesis (Gn 3,15): «Y pondré enemistad entre ti...»","- Uso litúrgico: Tiempo de Adviento, fiestas marianas (Visitación, Anunciación) y procesiones.
- Carácter musical: Festivo, danzante y con júbilo popular."
"Bendito eres, Señor",Kiko Argüello,"Daniel 3,52-57 (Cántico de Daniel)","Himno de bendición y alabanza cósmica que brota del horno encendido, donde los siervos de Dios proclaman que el Señor es digno de gloria, honor y alabanza eterna por encima de toda la creación.","- La alabanza en el fuego de la prueba: La bendición no surge del confort terrenal, sino desde el centro de la tribulación; el fuego no quema a quienes bendicen a Dios.
- La trascendencia y soberanía divina: Dios es exaltado sobre el firmamento de los cielos y su Nombre es santo y glorioso para siempre.
- Liturgia cósmica de bendición: El hombre rescata a la creación del silencio y la conduce a bendecir al Creador que sondea los abismos.",Cristo es la Presencia divina (la figura del ángel semejante al Hijo de Dios) que desciende al horno de nuestros sufrimientos y de la muerte para transformar el fuego destructor en una brisa de rocío y resurrección.,"Testimonio del creyente y de la comunidad que, atravesando pruebas de enfermedad, escasez o persecución, experimenta que la alabanza a Dios destruye el poder del miedo y llena el corazón de una paz inquebrantable.","«Bendito eres, Señor, Dios de nuestros padres...»

Daniel (Dn 3,52): «Bendito eres tú, Señor...»

«Alabado y ensalzado por los siglos...»

1 Crónicas (1Cr 29,10): «Bendito seas tú, Yahvéh...»

«Bendito el nombre santo de tu gloria...»

Salmos (Sal 72,19): «Bendito su nombre glorioso...»

«Bendito eres tú que sondeas los abismos...»

Daniel (Dn 3,55): «Bendito eres tú que...»

Apocalipsis (Ap 5,13): «Al que está sentado...»","- Uso litúrgico: Laudes solemnes, vigilias de oración, ritos penitenciales y tiempo pascual.
- Carácter musical: Solemne, procesional, con aire litúrgico majestuoso y respuesta comunitaria rotunda."
Bendito sea Dios,Kiko Argüello,"Efesios 1,3-14 (Himno de bendición paulino)","Himno doxológico que canta el designio eterno de Dios: habernos bendecido en Cristo con toda bendición espiritual, habernos elegido antes de la creación y predestinado a ser sus hijos santos e irreprochables.","- La elección inmerecida: Dios nos pensó y amó antes de la fundación del mundo, no por méritos morales sino por pura gracia de su amor.
- La adopción filial (*hyiothesía*): Fuimos llamados a participar de la filiación de Cristo y a ser herederos del Reino eterno.
- Redención por su sangre: El perdón radical de todas las faltas humanas mediante el precio infinito del sacrificio pascual de Cristo.
- El sello del Espíritu Santo: Las arras y garantía de la herencia eterna que habita en el corazón del creyente.","Cristo es el Mediador y Plenitud del plan salvífico del Padre, el Amado en quien recibimos la redención por su sangre y el perdón de los pecados.","Testimonio de quien se sentía indigno, rechazado o estéril en su historia, y descubre en la Iglesia que es un hijo infinitamente amado y predestinado a la gloria celestial desde la eternidad.","«Bendito sea Dios, Padre de nuestro Señor Jesucristo...»

Efesios (Ef 1,3): «Bendito sea el Dios...»

2 Corintios (2Co 1,3): «Bendito sea el Dios...»

«Nos eligió en él antes de la creación del mundo...»

Efesios (Ef 1,4): «Según nos escogió en...»

«Para ser santos e inmaculados en el amor...»

Colosenses (Col 1,22): «Para presentaros santos y...»

«En él tenemos la redención por su sangre...»

Efesios (Ef 1,7): «En quien tenemos redención...»

Romanos (Ro 8,29): «A los que antes...»","- Uso litúrgico: Vísperas solemnes de los domingos, celebraciones de escrutinios, renovación bautismal y Pascua.
- Carácter musical: Majestuoso, sereno, contemplativo y con honda unción teológica."
Benedictus,Kiko Argüello,"Lucas 1,68-79 (Cántico de Zacarías)","Cántico evangélico de la mañana que proclama la visita y redención que Dios hace a su pueblo, cumpliendo el juramento a Abraham y levantando una fuerza de salvación en la casa de David.","- Dios visita a su pueblo: La historia humana no está abandonada; Dios irrumpe con fidelidad irrevocable para salvar al hombre.
- Libertad para servir sin temor: El fin primordial de la redención es arrancarnos de las manos enemigas para servir a Dios en santidad y justicia todos nuestros días.
- La misión precursora: El profeta del Altísimo que prepara los senderos enseñando el conocimiento de la salvación por el perdón de los pecados.
- El Sol que nace de lo alto (*Oriens ex alto*): La ternura entrañable de Dios que guía nuestros pasos por el camino de la paz y alumbra a los que viven en tinieblas y sombras de muerte.","Cristo es la Fuerza de Salvación, la Luz increada y el Sol naciente que disipa las tinieblas del pecado y nos conduce hacia la vida verdadera.","Testimonio de quien ha permanecido mudo por la incredulidad (como Zacarías) y al experimentar la fidelidad milagrosa de Dios en su vida, desata su lengua para proclamar las grandezas divinas.","«Bendito sea el Señor, Dios de Israel, porque ha visitado y redimido a su pueblo...»

Lucas (Lc 1,68): «Bendito el Señor Dios...»

Salmos (Sal 41,13): «Bendito sea Yahvéh, el...»

«Nos ha suscitado una fuerza de salvación...»

Lucas (Lc 1,69): «Y nos levantó un...»

Salmos (Sal 132,17): «Allí haré retoñar el...»

«Para concedernos que, libres de temor... le sirvamos en santidad y justicia...»

Lucas (Lc 1,74-75): «Que, librados de nuestros...»

«Nos visitará el Sol que nace de lo alto...»

Lucas (Lc 1,78): «Por la entrañable misericordia...»

Malaquías (Ml 4,2): «Nacerá el Sol de...»","- Uso litúrgico: Canto evangélico culminante de Laudes en la Liturgia de las Horas de cada día.
- Carácter musical: Solemne, reposado, con arranque contemplativo y creciente júbilo profético."
Cantad a Dios,Kiko Argüello,"Salmo 68 (67),2-5.19-21","Teofanía triunfal y marcha victoriosa de Dios que dispersa a los enemigos, hace desvanecerse el mal como el humo y alegra el corazón de los justos.","- La dispersión del mal: La presencia de Dios es insoportable para la iniquidad; los malvados perecen ante Dios como la cera ante el fuego.
- El regocijo de los redimidos: Frente a la derrota de las tinieblas, los justos saltan de júbilo y cantan a Aquel que cabalga sobre las nubes.
- Dios de salvación: Yahvéh es un Dios de liberaciones que tiene el poder sobre las salidas de la muerte.","Cristo resucitado que asciende a la cumbre llevando cautiva la cautividad y repartiendo dones a los hombres (Ef 4,8).",Testimonio de la asamblea que comprueba cómo las tentaciones y rencores que parecían invencibles se disipan ante el poder victorioso del Espíritu Santo.,"«Se levanta Dios y se dispersan sus enemigos...»

Salmos (Sal 68,1): «Levántese Dios, sean esparcidos...»

Números (Nm 10,35): «Levántate, oh Yahvéh, y...»

«Como se derrite la cera ante el fuego, perecen los malvados ante Dios...»

Salmos (Sal 68,2): «Como se derrite la...»

«Cantad a Dios, tocad para su nombre; allanad el camino al que cabalga sobre las nubes...»

Salmos (Sal 68,4): «Cantad a Dios, cantad...»

Isaías (Is 40,3): «Voz que clama en...»

Efesios (Ef 4,8): «Subiendo a lo alto, llevó...»","- Uso litúrgico: Pascua, Ascensión, Pentecostés y celebraciones eucarísticas de victoria espiritual.
- Carácter musical: Rítmico, impetuoso, danzante y festivo."
Cantad al Señor,Kiko Argüello,Salmo 98 (97),"Himno jubiloso por la victoria y las maravillas de Dios, quien manifiesta su salvación a todas las naciones y juzgará la tierra con rectitud.","- El cántico nuevo: Nace de la experiencia presente de la intervención salvadora de Dios, no de nostalgias del pasado.
- Manifestación pública de la justicia: Dios revela su fidelidad no en secreto, sino a los ojos de los gentiles y de toda la tierra.
- Aclamación cósmica: Los mares, ríos y montes baten palmas y cantan ante el Señor que viene a juzgar al mundo con equidad.",Cristo es el Brazo Santo del Padre que ha alcanzado la victoria definitiva sobre el pecado y la muerte.,Testimonio de quien experimenta en su comunidad el cumplimiento visible del perdón y la comunión fraterna entre personas de historias diversas.,"«Cantad al Señor un cántico nuevo, porque ha hecho maravillas...»

Salmos (Sal 98,1): «Cantad a Yahvéh cántico...»

Isaías (Is 52,10): «Yahvéh desnudó su santo...»

«El Señor da a conocer su salvación, revela a las naciones su justicia...»

Salmos (Sal 98,2): «Yahvéh ha hecho notoria...»

Lucas (Lc 2,30-31): «Han visto mis ojos...»

«Aplaudan los ríos, aclamen los montes ante el Señor que viene a juzgar la tierra...»

Salmos (Sal 98,8-9): «Los ríos batan las...»

Salmos (Sal 96,11-13): «Alégrense los cielos, y...»","- Uso litúrgico: Entrada de la Eucaristía, Pascua, Laudes festivos y Acción de Gracias.
- Carácter musical: Vivo, sonoro, alegre y con fuerza coral."
Cántico de los tres jóvenes,Kiko Argüello,"Daniel 3,57-88.56","La gran sinfonía de alabanza universal donde toda criatura del cosmos, de la naturaleza inanimada, de los seres vivos y del pueblo de Dios es convocada a bendecir, cantar y ensalzar eternamente al Creador.","- Vocación cósmica del hombre: El hombre, constituido sacerdote de la creación, presta su voz a los cielos, astros, vientos, lluvias y abismos para glorificar a Dios.
- Victoria sobre la muerte y la idolatría: Los tres jóvenes mártires en el horno de fuego proclaman que solo Dios merece adoración absoluta.
- La alabanza de los humildes: La bendición culmina en las almas de los justos y en los humildes de corazón, quienes reconocen su pequeñez.","Cristo es el Rey del Universo y el Resucitado que recapitula en sí mismo todas las cosas, celestes y terrestres, restituyendo la armonía original.","Testimonio de la Iglesia que se une al cántico triunfal de los mártires, atestiguando que ninguna persecución ni amenaza terrenal puede acallar la alabanza del redimido.","«Obras todas del Señor, bendecid al Señor; cantadle y ensalzadlo por los siglos...»

Daniel (Dn 3,57): «Bendecid, todas las obras...»

Salmos (Sal 103,22): «Bendecid a Yahvéh, vosotras...»

«Ángeles del Señor, cielos, aguas del cielo, bendecid al Señor...»

Daniel (Dn 3,58-59): «Bendecid, ángeles de Yahvéh...»

«Espíritus y almas de los justos, santos y humildes de corazón, bendecid al Señor...»

Daniel (Dn 3,86-87): «Bendecid, espíritus y almas...»

Mateo (Mt 11,29): «Soy manso y humilde...»

Apocalipsis (Ap 5,13): «A todo lo creado...»","- Uso litúrgico: Laudes solemnes de domingos y fiestas, Vigilia Pascual y asambleas gozosas.
- Carácter musical: Coral, procesional, con tono de himno majestuoso y letanía acumulativa."
Canto de los numeros,Kiko Argüello,Himno tradicional de Pésaj («Ejad Mi Yodea» / ¿Quién sabe qué es uno?),Poema pedagógico y litúrgico pascual que repasa las verdades fundamentales de la revelación bíblica a través de una cuenta mnemotécnica y festiva acumulativa.,"- La unicidad de Dios: «Uno es nuestro Dios que está en los cielos y en la tierra», principio y fundamento de la fe monoteísta bíblica.
- La historia salvífica viva: Recorre la Alianza a través de los signos sagrados: las dos tablas de la Ley, los tres patriarcas, las cuatro matriarcas, los cinco libros de la Torá y los mandamientos.
- Transmisión de la fe a los hijos: Pedagogía pascual de hacer memoria viva (*zikkaron*) para educar a las nuevas generaciones en la fidelidad divina.","Cristo es el Dios único encarnado, el fin de la Ley y el cumplimiento perfecto de todas las promesas hechas a los patriarcas y profetas.","Testimonio familiar de la cena pascual donde padres e hijos celebran con asombro y alegría que la fe no es una ideología, sino una historia viva y concreta que los sostiene.","«¿Quién sabe qué es el uno? Uno es nuestro Dios en el cielo y en la tierra...»

Deuteronomio (Dt 6,4): «Oye, Israel: Yahvéh nuestro...»

Marcos (Mc 12,29): «El Señor nuestro Dios...»

«Dos son las tablas de la Alianza...»

Éxodo (Ex 31,18): «Dos tablas del testimonio...»

«Tres son los patriarcas: Abraham, Isaac y Jacob...»

Éxodo (Ex 3,6): «Yo soy el Dios...»

Mateo (Mt 22,32): «Dios no es Dios...»","- Uso litúrgico: Cena pascual familiar (Séder de Pésaj), convivencias y encuentros festivos de jóvenes y niños.
- Carácter musical: Ágil, festivo, progresivo y danzante."
Canto de Moisés,Kiko Argüello,"Éxodo 15,1-18 (El cántico del Mar Rojo)","El gran himno de victoria tras cruzar a pie enjuto el Mar Rojo, proclamando el triunfo arrollador de Yahvéh sobre el Faraón, sus carros y su ejército.","- Victoria definitiva sobre el opresor: Caballos y carros arrojó en el mar; la soberbia del tirano es sepultada por la fuerza de la diestra de Dios.
- Dios es un guerrero (*Yahvéh Ish Miljamá*): Dios combate en favor de los indefensos que no tienen armas humanas.
- El Éxodo como prefiguración bautismal: Pasar el mar es morir a la esclavitud de Egipto para renacer a la libertad en la tierra prometida.
- Santuario y reinado eterno: El pueblo redimido es conducido al monte de la heredad donde Yahvéh reinará por siempre jamás.",Cristo es el verdadero Vencedor que aniquila al diablo y a la muerte en las aguas purificadoras del Bautismo.,"Testimonio del catecúmeno que contempla cómo Dios ahogó sus pecados, complejos y ataduras en el agua bautismal, haciéndolo un hombre nuevo y libre.","«Cantemos al Señor, sublime es su victoria; carros y jinetes arrojó en el mar...»

Éxodo (Ex 15,1): «Cantaré yo a Yahvéh...»

«Mi fuerza y mi poder es el Señor, él fue mi salvación...»

Éxodo (Ex 15,2): «Yahvéh es mi fortaleza...»

Salmos (Sal 118,14): «Mi fortaleza y mi...»

«Tu diestra, Señor, terrible en la batalla, tritura al enemigo...»

Éxodo (Ex 15,6): «Tu diestra, oh Yahvéh...»

«El Señor reinará por siempre jamás...»

Éxodo (Ex 15,18): «Yahvéh reinará eternamente y...»

Apocalipsis (Ap 15,3): «Y cantan el cántico...»","- Uso litúrgico: Canto obligatorio de la Vigilia Pascual tras la tercera lectura (Éxodo 14) y celebraciones bautismales.
- Carácter musical: Épico, triunfal, con ritmo marcado de marcha victoriosa y danza coral."
Canto de Moisés,Kiko Argüello,"Deuteronomio 32,1-12 (Cántico profético de Moisés antes de morir)","Testamento profético donde Moisés convoca a los cielos y a la tierra a escuchar la proclamación de la grandeza, justicia y fidelidad de Dios, la Roca inmutable.","- La Palabra como lluvia y rocío: La doctrina divina no impone con tiranía, sino que cae suave como rocío que fecunda la hierba seca.
- La Roca perfecta (*Ha-Tzur*): Dios es roca inmutable, justa y recta; en Él no hay sombra de injusticia.
- La ternura paternal en el desierto: Dios halló a su pueblo en la soledad aullante, lo rodeó, lo instruyó y lo guardó como a la niña de sus ojos.
- La imagen del águila: Como el águila que incita a su nidada y lleva a sus polluelos sobre sus alas, así Yahvéh condujo a Israel sin auxilio de dioses extraños.","Cristo es la Roca viva que acompañó a su pueblo en el desierto y de la cual brota agua espiritual para calmar la sed del hombre (1 Corintios 10,4).","Testimonio del anciano creyente que contempla su vida y comprueba que, a pesar de sus debilidades, Dios fue siempre una Roca fiel que lo sostuvo en todos sus desiertos.","«Escuchad, cielos, que hablo; oiga la tierra las palabras de mi boca...»

Deuteronomio (Dt 32,1): «Escuchad, cielos, y hablaré...»

Isaías (Is 1,2): «Oíd, cielos, y escucha...»

«Destile como lluvia mi doctrina, caiga como rocío mi palabra...»

Deuteronomio (Dt 32,2): «Goteará como la lluvia...»

«Él es la Roca, su obra es perfecta, todos sus caminos son justos...»

Deuteronomio (Dt 32,4): «Él es la Roca...»

1 Corintios (1Co 10,4): «Y la roca era...»

«Como el águila que cubre su nido y revolotea sobre sus polluelos...»

Deuteronomio (Dt 32,11): «Como el águila que...»

Éxodo (Ex 19,4): «Os tomé sobre alas...»","- Uso litúrgico: Celebraciones comunitarias de la Palabra sobre la Alianza, laudes penitenciales y etapas finales del camino.
- Carácter musical: Contemplativo, grave, lírico y con un aire solemne de despedida apostólica."
Caritas Christi Urget nos,Kiko Argüello,"2 Corintios 5,14-21 (El ministerio de la reconciliación)","Himno misionero y vocacional que proclama la urgencia del amor de Cristo: si uno murió por todos, todos han muerto, para que los que viven ya no vivan para sí mismos, sino para Aquel que murió y resucitó por ellos.","- La fuerza que apremia (*Urget*): El amor de Cristo no es una devoción pasiva; es un fuego irresistible que empuja a la evangelización.
- Muerte al egoísmo: La raíz de la salvación es salir de la tiranía de vivir para uno mismo para vivir en donación a Dios y al hermano.
- La nueva criatura: El que está en Cristo es una criatura enteramente nueva; lo viejo pasó, ha comenzado lo nuevo.
- Embajadores de Cristo: La Iglesia es constituida embajada de reconciliación en el mundo, suplicando en nombre de Cristo: «Reconciliaos con Dios».","Cristo es el Cordero inocente hecho pecado por nosotros para que en Él fuésemos hechos justicia de Dios, cuya Resurrección genera una humanidad nueva.","Testimonio del catequista, presbítero, misionero o cristiano enviado que renuncia a sus comodidades y proyectos para gastar su vida en el anuncio de la reconciliación a los alejados.","«El amor de Cristo nos apremia...»

2 Corintios (2Co 5,14): «Porque el amor de...»

«Uno murió por todos, luego todos han muerto...»

2 Corintios (2Co 5,14b): «Si uno murió por...»

«Para que los que viven ya no vivan para sí mismos...»

2 Corintios (2Co 5,15): «Y por todos murió...»

Romanos (Ro 14,7-8): «Ninguno de nosotros vive...»

«Si alguno está en Cristo, es una nueva criatura...»

2 Corintios (2Co 5,17): «De modo que si...»

Gálatas (Ga 6,15): «Sino una nueva creación...»

«Somos embajadores de Cristo: reconciliaos con Dios...»

2 Corintios (2Co 5,20): «Así que, somos embajadores...»

2 Corintios (2Co 5,21): «Al que no conoció...»","- Uso litúrgico: Convivencias de envío de evangelización, ordenaciones presbiterales, colación de ministerios y jornadas misioneras.
- Carácter musical: Ardiente, apasionado, de ritmo enérgico y con espíritu apostólico militante."
Carmen 63,Kiko Argüello,Poema autobiográfico y espiritual de Carmen Hernández (1963),"Grito existencial de soledad radical, dolor y despojo que desemboca en la súplica ardiente del alma que busca sólo a Jesucristo en medio de la nada terrenal.","- La noche oscura y la nada: Despojo total de apoyos humanos y religiosos superficiales para encontrarse con el Dios vivo.
- La búsqueda del rostro de Cristo: El anhelo de intimidad absoluta con el Señor como única razón de ser y de vivir.
- La entrega martirial: Disposición a ser consumida como ofrenda viva por la Iglesia y por la evangelización de los hombres.","Cristo se manifiesta como el Amado del alma, el Esposo crucificado y resucitado que acompaña al creyente en el abismo de su nada y lo llena de su plenitud divina.","Testimonio del combate interior de la fe donde el creyente toca su propia incapacidad y vacío, descubriendo que sólo la gracia y el amor de Jesucristo rescatan la existencia del absurdo.","«Señor, no tengo nada, nada que ofrecerte...»

Salmos (Sal 73,25): «¿A quién tengo yo en los cielos...»

«Tú eres mi única riqueza...»

Salmos (Sal 16,5): «Yahvéh es la porción de mi herencia...»

«Solo a ti te busco, solo a ti, Jesús...»

Filipenses (Flp 3,8): «Estimo todas las cosas como pérdida...»

Juan (Jn 6,68): «Señor, ¿a quién iremos? Tú tienes...»","- Uso litúrgico: Vigilias de oración, encuentros vocacionales y momentos de contemplación profunda.
- Carácter musical: Dramático, quejumbroso, desgarrador y profundamente íntimo."
Celebración penitencial,Kiko Argüello,Liturgia de la Reconciliación; Lucas 15; Salmo 51 (50),"Esquema y aclamaciones líricas para la liturgia del perdón, convocando al reconocimiento sincero del pecado y a la acogida gozosa del abrazo paterno de la misericordia divina.","- Confesión de la culpa: Reconocimiento humilde de la infidelidad y de la necesidad imperiosa de salvación.
- La misericordia entrañable: Dios no rechaza un corazón quebrantado y humillado; corre al encuentro del hijo pródigo.
- Restauración bautismal: El sacramento de la reconciliación devuelve la túnica blanca y el anillo de la dignidad filial.","Cristo se manifiesta como el Médico divino que busca a los enfermos y pecadores, cargando la oveja perdida sobre sus hombros.",Testimonio del pecador que acude avergonzado por sus caídas y experimenta la paz inefable del perdón incondicional en el seno de la comunidad.,"«Padre, he pecado contra el cielo y contra ti...»

Lucas (Lc 15,21): «Padre, he pecado contra el cielo...»

«Misericordia, Dios mío, por tu bondad...»

Salmos (Sal 51,1): «Ten piedad de mí, oh Dios...»

«Crea en mí, oh Dios, un corazón puro...»

Salmos (Sal 51,10): «Crea en mí, oh Dios, un...»

1 Juan (1Jn 1,9): «Si confesamos nuestros pecados, él es...»","- Uso litúrgico: Celebraciones comunitarias del Sacramento de la Penitencia y ritos de escrutinio.
- Carácter musical: Sobrio, orante, suplicante y sereno."
Como condenados a muerte,Kiko Argüello,"1 Corintios 4,9-13","Proclamación profética de la condición apostólica: puestos por Dios como espectáculo para el mundo, ángeles y hombres, viviendo como necios por Cristo y desecho de todos.","- El espectáculo apostólico: La Iglesia itinerante llevada al circo del mundo para manifestar el poder de la resurrección en la debilidad humana.
- Necios por amor: Rechazo de la gloria mundana y la sabiduría humana para abrazar el escándalo salvífico de la cruz.
- Victoria de la no violencia: Bendecir ante la maldición, soportar la persecución y responder con dulzura ante la calumnia.","Cristo se manifiesta como el Siervo de Dios condenado a muerte, despojado de reputación y crucificado en total ignominia para salvar a los hombres.","Testimonio del misionero e itinerante que sufre la incomprensión y el rechazo social por anunciar el Evangelio, experimentando que el despojo engendra vida en quienes escuchan.","«Pienso que Dios nos ha asignado el último lugar, como a condenados a muerte...»

1 Corintios (1Co 4,9): «Porque según pienso, Dios nos ha...»

«Hemos llegado a ser un espectáculo para el mundo...»

1 Corintios (1Co 4,9b): «Pues hemos llegado a ser espectáculo...»

«Nosotros necios por causa de Cristo, mas vosotros prudentes...»

1 Corintios (1Co 4,10): «Nosotros necios por amor de Cristo...»

«Nos maldicen y bendecimos, padecemos persecución y la soportamos...»

1 Corintios (1Co 4,12): «Nos maldicen, y bendecimos; padecemos...»

Mateo (Mt 5,11): «Bienaventurados sois cuando por mi causa...»","- Uso litúrgico: Convivencias de envío apostólico, ritos de colación de ministerios y celebraciones testimoniales.
- Carácter musical: Fuerte, enérgico, de marcha heroica y con convicción profética."
Como destila la miel,Kiko Argüello,"Odas de Salomón (Oda 40); Cantar de los Cantares 4,11",Poema místico de la primitiva Iglesia judeocristiana que canta la dulzura y la fecundidad sobreabundante del amor y la alabanza a Dios.,"- La dulzura de la gracia: El amor de Dios no es una carga jurídica, sino un néctar que colma y suaviza las asperezas del alma.
- Fecundidad del creyente: Como el árbol que produce fruto en su tiempo, el alma redimida destila alabanzas y obras santas de misericordia.
- Comunión esponsal con Dios: Intimidad contemplativa donde el corazón humano se deleita en la hermosura del Señor.","Cristo es el Pan vivo y la Miel verdadera que desciende del cielo, trayendo al hombre el sabor anticipado de las delicias de la vida eterna.","Testimonio del cristiano que ha gustado el amor divino tras haber vivido en el amargor del pecado, compartiendo la alegría de una vida pacificada y agradecida.","«Como destila la miel de los panales...»

Cantares (Ct 4,11): «Como panal de miel destilan tus...»

«Así mi alabanza se derrama ante ti, Señor...»

Salmos (Sal 119,103): «¡Cuán dulces son a mi paladar...»

«Mi copa rebosa de tu amor...»

Salmos (Sal 23,5): «Unges mi cabeza con aceite; mi...»

Efesios (Ef 5,19): «Cantando y alabando al Señor en...»","- Uso litúrgico: Canto de Comunión, vigilias de oración, bodas comunitarias y tiempo de Pascua.
- Carácter musical: Dulce, lírico, sereno y de respiración reposada."
Como el impulso que siente la ira,Kiko Argüello,Odas de Salomón (Oda 7),"Cántico primitivo sobre el ímpetu irresistible del amor del Padre, quien desciende hacia nuestra pequeñez y asume nuestra semejanza para hacernos conocer su gloria.","- La fuerza arrolladora del amor divino: Con la misma violencia ciega con que la ira impulsa a la destrucción, así la caridad divina impulsa a la salvación y a la misericordia.
- La kénosis encarnatoria: Dios se despoja de su grandeza, se hace semejante a los hombres para que nosotros, conociéndolo, no muramos de terror ante su majestad.
- El rostro paternal de Dios: Revelación de un Dios cercano que se rebaja y abraza nuestra condición mortal para elevarla.","Cristo es la Encarnación y manifestación visible del ardor misericordioso del Padre, el Verbo que se hizo carne para que podamos contemplar su gloria y vivir.","Testimonio del creyente que experimenta cómo la gracia de Dios irrumpe con fuerza arrolladora en su vida rota, deshaciendo los bloqueos del pecado y del miedo.","«Como el impulso que siente la ira, así es el impulso de mi gozo hacia el Señor...»

Cantares (Ct 8,6): «Porque fuerte es como la muerte...»

«Él se ha hecho semejante a mí para que yo lo conozca...»

Filipenses (Flp 2,7): «Sino que se despojó a sí...»

«Ha tomado mi forma para que no me asuste de él...»

Hebreos (Hb 2,14): «Por cuanto los hijos participaron de carne...»

1 Juan (1Jn 4,10): «En esto consiste el amor: no en...»","- Uso litúrgico: Tiempo de Navidad, Encarnación, celebraciones bautismales y vigilias de Pascua.
- Carácter musical: Impetuoso, enérgico, de ritmo vibrante y con júbilo desbordante."
Cómo es maravilloso,Kiko Argüello,Salmo 133 (132),Cántico gradual que ensalza la belleza sagrada y bienhechora del amor fraterno y de la vida en comunidad entre hermanos reunidos en el Nombre de Yahvéh.,"- La comunión como don sagrado: La fraternidad no es un logro humano o simpatía natural; es un don que desciende de lo alto como el aceite consagrado.
- La unción sacerdotal: El aceite que perfuma la cabeza de Aarón y baja por su barba simboliza la consagración de todo el pueblo en un solo cuerpo sacerdotal.
- El rocío del Hermón: Imagen de la fecundidad y frescura celestial que desciende sobre las colinas secas de Sión, trayendo la bendición divina de la vida eterna.",Cristo es la Cabeza ungida por el Espíritu Santo que derrama su caridad y comunión sobre todo el Cuerpo místico que es la Iglesia.,"Testimonio vivo de personas de diversas procedencias, edades y temperamentos que experimentan el milagro del perdón mutuo y de la comunión fraterna real.","«¡Mirad qué bueno y qué delicioso es habitar los hermanos juntos en armonía!...»

Salmos (Sal 133,1): «¡Mirad cuán bueno y cuán delicioso...»

«Es como el óleo precioso sobre la cabeza, que desciende sobre la barba de Aarón...»

Salmos (Sal 133,2): «Es como el buen óleo sobre...»

Éxodo (Ex 30,30): «Ungirás también a Aarón y a...»

«Como el rocío del Hermón, que desciende sobre los montes de Sión...»

Salmos (Sal 133,3a): «Como el rocío de Hermón, que...»

«Porque allí envía el Señor bendición y vida eterna...»

Salmos (Sal 133,3b): «Porque allí envía Yahvéh bendición, y...»

Juan (Jn 13,35): «En esto conocerán todos que sois...»","- Uso litúrgico: Canto de acogida, conclusión de la Eucaristía, ágapes fraternos y aniversarios comunitarios.
- Carácter musical: Festivo, alegre, pastoral y con ritmo de corro o danza fraternal."
Como la cierva,Kiko Argüello,Salmo 42 (41),"Súplica ardiente y sed insaciable del alma desterrada que brama por el Dios vivo, recordando la fiesta en el templo mientras atraviesa la noche de las lágrimas.","- La sed ontológica de Dios: El alma humana está hecha para el Creador y nada terrenal puede apagar su nostalgia de vida plena.
- El combate contra la burla: La aflicción provocada por el enemigo que insinúa en el sufrimiento: «¿Dónde está tu Dios?». El orante responde esperando en Dios.
- Un abismo llama a otro abismo: El abismo de la miseria y el llanto del hombre invoca al abismo insondable de la misericordia divina.","Cristo es la Fuente de agua viva que en la cruz clama «Tengo sed», asumiendo la sed de la humanidad entera para saciarla con su Espíritu.","Testimonio del creyente probado por la sequedad espiritual o la depresión que, lejos de rebelarse, transforma su dolor en un clamor perseverante hacia el Dios vivo.","«Como busca la cierva corrientes de agua, así mi alma te busca a ti, Dios mío...»

Salmos (Sal 42,1): «Como el ciervo brama por las...»

«Mi alma tiene sed de Dios, del Dios vivo; ¿cuándo entraré a ver el rostro de Dios?...»

Salmos (Sal 42,2): «Mi alma tiene sed de Dios...»

«Mis lágrimas son mi pan de día y de noche, mientras me dicen: ¿Dónde está tu Dios?...»

Salmos (Sal 42,3): «Fueron mis lágrimas mi pan de...»

«Un abismo llama a otro abismo al fragor de tus cascadas...»

Salmos (Sal 42,7): «Un abismo llama a otro abismo...»

Juan (Jn 7,37): «Si alguno tiene sed, venga a...»

Juan (Jn 19,28): «Para que la Escritura se cumpliese...»","- Uso litúrgico: Vigilia Pascual (tras la lectura del Salmo 42), escrutinios bautismales y celebraciones de Cuaresma.
- Carácter musical: Profundo, quejumbroso, orante y con gran intensidad de súplica."
Como lirio entre los cardos,Kiko Argüello,"Cantar de los Cantares 2,1-3","Diálogo lírico de amor nupcial entre Cristo y su Iglesia, destacando la belleza singular de la Amada en medio de las espinas del mundo.","- La belleza de la Iglesia: Entre la hostilidad y agresividad de las espinas del mundo, la Iglesia resplandece como lirio perfumado de pureza y gracia.
- El Manzano protector: Cristo es el árbol fecundo cuya sombra deleita al alma y cuyo fruto de salvación endulza el paladar del creyente.
- La Alianza indisoluble: Revelación de la intimidad amorosa entre el Redentor y la comunidad escogida.","Cristo se manifiesta como el Esposo amante, el Manzano entre los árboles silvestres bajo cuya cruz la Esposa halla descanso y sombra protectora.",Testimonio de la comunidad cristiana que vive en un ambiente social adverso y comprueba que permanecer fiel a Cristo engendra un aroma de paz y santidad.,"«Como el lirio entre los cardos, así es mi amada entre las doncellas...»

Cantares (Ct 2,2): «Como el lirio entre los espinos...»

«Como el manzano entre los árboles silvestres, así es mi amado entre los jóvenes...»

Cantares (Ct 2,3a): «Como el manzano entre los árboles...»

«A su sombra deseada me senté, y su fruto fue dulce a mi paladar...»

Cantares (Ct 2,3b): «Bajo la sombra del deseado me...»

Oseas (Os 14,5): «Yo seré a Israel como rocío...»

Mateo (Mt 6,28): «Considerad los lirios del campo, cómo...»","- Uso litúrgico: Bodas comunitarias, fiestas marianas, celebraciones de Pascua y ritos de iniciación al amor esponsal.
- Carácter musical: Melódico, dulce, poético y contemplativo."
Como oveja que ve,Kiko Argüello,Texto patrístico sobre el Buen Pastor (cf. San Gregorio Nacianceno / San Juan Crisóstomo),La contemplación conmovida de la oveja descarriada que ve acercarse al Pastor amoroso que no teme al lobo ni abandona a su rebaño.,"- El Buen Pastor que busca a la perdida: Cristo no espera a que el pecador vuelva por sus propias fuerzas; desciende al barranco a rescatarlo.
- Entrega de la propia vida: A diferencia del mercenario que huye ante el peligro, el Pastor se interpone entre las fauces del lobo y su rebaño.
- La confianza del indefenso: La oveja recupera la paz y la esperanza al sentir la mirada compasiva de su dueño.","Cristo se manifiesta como el Buen Pastor que da su vida por las ovejas, cargando con nuestras heridas sobre sus espaldas.","Testimonio de quien se sentía extraviado, devorado por el pecado o en peligro de muerte existencial, y fue alcanzado por la misericordia personal del Salvador.","«Como la oveja que ve venir al pastor y corre hacia él...»

Juan (Jn 10,11): «El buen pastor su vida da...»

«Él me rescata de la boca del lobo...»

Juan (Jn 10,12): «Mas el asalariado, y que no...»

«Me conduce hacia aguas tranquilas, me devuelve la vida...»

Salmos (Sal 23,2-3): «Junto a aguas de reposo me...»

Lucas (Lc 15,4-5): «¿Qué hombre de vosotros, teniendo cien...»

1 Pedro (1P 2,25): «Porque vosotros erais como ovejas descarriadas...»","- Uso litúrgico: Domingo del Buen Pastor, celebraciones penitenciales y comunión pascual.
- Carácter musical: Tierno, pastoral, orante y sosegado."
Consolad a mi pueblo,Kiko Argüello,"Isaías 40,1-11","Proclamación del Libro de la Consolación de Israel: el anuncio del fin de la servidumbre, el perdón de la culpa y la apertura de una calzada en el desierto para la gloria del Señor.","- La consolación divina: Dios manda consolar a su pueblo con ternura, anunciando que su tiempo de esclavitud ha expirado y su pecado ha sido expiado.
- Preparación del camino en el desierto: Allanar los montes de la soberbia y levantar los valles del abatimiento para que pase la salvación.
- La caducidad del hombre y la eternidad de la Palabra: La hierba se seca y la flor se marchita, pero la palabra de nuestro Dios permanece para siempre.
- El Pastor que apacienta y cuida a las madres: Yahvéh llega con poder, pero recoge a los corderillos en sus brazos y conduce con dulzura a las recién paridas.","Cristo se manifiesta como la Gloria revelada del Señor, el Salvador que apacienta su rebaño y abre en el desierto del mundo el camino hacia el Padre.",Testimonio del hombre que experimenta cómo la predicación de la Buena Noticia consuela su historia herida y derriba los obstáculos que le impedían recibir el perdón.,"«Consolad, consolad a mi pueblo, dice vuestro Dios; hablad al corazón de Jerusalén...»

Isaías (Is 40,1-2): «Consolaos, consolaos, pueblo mío, dice...»

«Voz que clama en el desierto: Preparad el camino del Señor...»

Isaías (Is 40,3): «Voz que clama en el...»

Mateo (Mt 3,3): «Voz del que clama en...»

«Sécase la hierba, marchítase la flor, mas la palabra de nuestro Dios permanece para siempre...»

Isaías (Is 40,8): «Sécase la hierba, marchítase la...»

1 Pedro (1P 1,24-25): «Porque: Toda carne es como hierba...»

«Como pastor apacentará su rebaño, en su brazo llevará los corderos...»

Isaías (Is 40,11): «Como pastor apacentará su rebaño...»

Lucas (Lc 3,4-6): «Como está escrito en el libro...»","- Uso litúrgico: Tiempo de Adviento, celebraciones proféticas de la Palabra y Laudes solemnes.
- Carácter musical: Solemne, pastoral, con fuerza oratoria y ternura maternal."
Cordero de Dios,Kiko Argüello,"Juan 1,29; Liturgia Eucarística (Agnus Dei)",Súplica litúrgica durante la fracción del pan que confiesa a Jesucristo como el Cordero inmaculado que carga con el pecado del mundo e implora su piedad y su don supremo de la paz.,"- El Siervo que carga con la culpa: Cristo asume sobre sí el pecado y las iniquidades de toda la humanidad para destruirlos.
- La fracción del Pan: El Cuerpo entregado y partido que alimenta a la Iglesia peregrina.
- La paz mesiánica (Shalom): Don definitivo que brota de la reconciliación sellada con la sangre del Cordero.","Cristo se manifiesta como el Cordero Pascual inmolado, la Víctima inocente que quita la enemistad y concede al hombre la comunión y la paz de Dios.","Testimonio del fiel que se acerca al altar reconociéndose pecador, experimentando que no hay culpa ni herida que no sea lavada por el amor del Cordero de Dios.","«Cordero de Dios, que quitas el pecado del mundo, ten piedad de nosotros...»

Juan (Jn 1,29): «He aquí el Cordero de Dios...»

Isaías (Is 53,7): «Como cordero fue llevado al matadero...»

1 Pedro (1P 1,19): «Con la sangre preciosa de Cristo...»

«Danos la paz...»

Juan (Jn 14,27): «La paz os dejo, mi paz...»

Apocalipsis (Ap 5,12): «El Cordero que fue inmolado es...»","- Uso litúrgico: Rito de la fracción del Pan antes de la Comunión en la Eucaristía.
- Carácter musical: Suplicante, solemne, orante y con respiración pausada."
Credo,Kiko Argüello,Símbolo Niceno-Constantinopolitano / Símbolo de los Apóstoles,"Profesión solemne, eclesial y pública de la fe trinitaria que sintetiza toda la historia de la salvación, desde la creación hasta la resurrección de la carne y la vida eterna.","- La fe trinitaria: Confesión de Dios Padre todopoderoso, del Hijo unigénito encarnado, muerto y resucitado, y del Espíritu Santo Señor y dador de vida.
- La Encarnación y la Pascua: Centro histórico del Credo que afirma el descenso de Dios a nuestra carne y su victoria sobre el sepulcro.
- La Iglesia y los Sacramentos: Confesión de una Iglesia una, santa, católica y apostólica, y del bautismo para el perdón de los pecados.","Cristo es confesado como Dios verdadero de Dios verdadero, engendrado no creado, consustancial al Padre, Salvador crucificado bajo Poncio Pilato y Rey glorioso cuyo reino no tendrá fin.","Testimonio del catecúmeno que, habiendo recibido la fe de la Iglesia (Traditio Symboli), la devuelve cantando con su propia boca (Redditio Symboli), proclamando que su vida se apoya en esta verdad.","«Creo en un solo Dios, Padre todopoderoso, creador del cielo y de la tierra...»

1 Corintios (1Co 8,6): «Para nosotros, sin embargo, sólo hay...»

«Creo en un solo Señor Jesucristo, Hijo único de Dios...»

Filipenses (Flp 2,11): «Y toda lengua confiese que Jesucristo...»

«Por obra del Espíritu Santo se encarnó de María la Virgen...»

Lucas (Lc 1,35): «El Espíritu Santo vendrá sobre ti...»

«Y resucitó al tercer día según las Escrituras...»

1 Corintios (1Co 15,3-4): «Que Cristo murió por nuestros pecados...»

Romanos (Ro 10,9): «Si confesares con tu boca que...»","- Uso litúrgico: Eucaristías de los domingos y solemnidades, ritos de la Redditio Symboli en Cuaresma y Vigilia Pascual.
- Carácter musical: Firme, majestuoso, procesional y con profunda convicción litúrgica."
Cristo es la luz,Kiko Argüello,"Himno Litúrgico de Vísperas; Juan 8,12; Efesios 5,14","Himno de iluminación y victoria que proclama a Jesucristo como la Luz verdadera que disipa las tinieblas de la noche, despertando a los muertos a la vida inmortal.","- La victoria de la Luz: En medio de la oscuridad cósmica y moral del mundo, la presencia de Cristo engendra el día sin ocaso.
- El despertar bautismal: Despierta tú que duermes y levántate de entre los muertos, y te iluminará Cristo.
- Vida nueva en el Espíritu: Quien sigue a Jesús no camina en tinieblas, sino que se convierte en hijo de la luz.","Cristo se manifiesta como el Lucero radiante de la mañana, la Luz increada que rescata al hombre de las sombras del sepulcro.","Testimonio de quien vivía en la ceguera y en la desesperanza de sus pecados y fue iluminado por el Evangelio, recobrando el sentido y la alegría de vivir.","«Cristo es la luz, en él no hay tiniebla alguna...»

1 Juan (1Jn 1,5): «Dios es luz, y no hay...»

«El que me sigue no andará en tinieblas, sino que tendrá la luz de la vida...»

Juan (Jn 8,12): «Yo soy la luz del mundo...»

«Despierta tú que duermes, levántate de entre los muertos...»

Efesios (Ef 5,14): «Despiértate, tú que duermes, y...»

2 Corintios (2Co 4,6): «Porque Dios, que mandó que de...»","- Uso litúrgico: Rito del Lucernario en Vísperas, Vigilia Pascual y celebraciones de iniciación a la fe.
- Carácter musical: Contemplativo, luminoso, lírico y con serena alegría pascual."
Cuando dormía,Kiko Argüello,"Cantar de los Cantares 5,2-8","Relato lírico y desgarrador de la Esposa que, durmiendo pero con el corazón en vela, oye la voz del Amado que llama a la puerta; al levantarse a abrir, Él ya se ha ido, iniciando una búsqueda apasionada.","- El corazón que vigila: La fe auténtica mantiene despierto el amor aun en los momentos de debilidad y sueño espiritual.
- La llamada a la puerta: Cristo llama con delicadeza pero con insistencia, con la cabeza cubierta del rocío de la noche.
- El dolor de la ausencia que purifica: El Señor se oculta para reavivar el celo de la Iglesia, enseñándole a desearlo por encima de todo consuelo terrenal.","Cristo se manifiesta como el Esposo amante coronado de espinas y cubierto de la frialdad de la noche humana, que busca hospedaje en el corazón de su amada.","Testimonio del creyente que confiesa su pereza y tibieza espiritual para acoger las llamadas de Dios, reconociendo el sufrimiento de haber dejado pasar la gracia y la urgencia de volver a buscar a Cristo.","«Yo dormía, pero mi corazón velaba; es la voz de mi amado que llama...»

Cantares (Ct 5,2): «Yo dormía, pero mi corazón...»

«Ábreme, hermana mía, paloma mía, perfecta mía...»

Cantares (Ct 5,2b): «Ábreme, hermana mía, amiga mía...»

«Mi cabeza está cubierta de rocío, mis cabellos de la escarcha de la noche...»

Cantares (Ct 5,2c): «Porque mi cabeza está llena de...»

«Abrí a mi amado, pero mi amado se había ido...»

Cantares (Ct 5,6): «Abrí yo a mi amado; pero...»

Apocalipsis (Ap 3,20): «He aquí, yo estoy a la...»","- Uso litúrgico: Vigilias penitenciales, celebraciones de Cuaresma y encuentros de profundización en la oración mística.
- Carácter musical: Íntimo, melancólico, poético y con creciente dolor de amor."
Cuando el Señor,Kiko Argüello,Salmo 126 (125),"Cántico gradual de retorno del destierro que celebra con asombro el milagro de la liberación divina: el pueblo se sentía como soñando, la boca se llenó de risas y las lágrimas de la siembra se tornan en gavillas de siega.","- El estupor de la redención: La salvación desborda toda expectativa humana; ante las maravillas de Dios, los paganos reconocen: «El Señor ha hecho grandes cosas con ellos».
- La teología de la siembra con lágrimas: El sufrimiento ofrecido en la fe no es estéril; quien siembra entre lágrimas cosechará cantando entre gavillas de gozo eterno.
- El cambio de suerte: Como los torrentes del Néguev hacen florecer el desierto repentinamente, la gracia transforma las ruinas de la vida en fiesta.",Cristo es el Sembrador que salió llorando a sembrar su propio Cuerpo en el surco de la tierra (la muerte) para cosechar la muchedumbre de los redimidos en la Resurrección.,"Testimonio del hermano cuya vida estuvo desolada o cautiva en la amargura, y da fe ante la asamblea de que Dios cambió su suerte, llenando de risas y alegría lo que antes era llanto.","«Cuando el Señor hizo volver a los cautivos de Sión, nos parecía soñar...»

Salmos (Sal 126,1): «Cuando Yahvéh hiciere volver la...»

«Nuestra boca se llenó de risas, nuestra lengua de cantares...»

Salmos (Sal 126,2): «Entonces nuestra boca se llenará...»

«El Señor ha estado grande con nosotros y estamos alegres...»

Salmos (Sal 126,3): «Grandes cosas ha hecho Yahvéh...»

«Los que sembraban con lágrimas, cosecharán entre cantares...»

Salmos (Sal 126,5): «Los que sembraron con lágrimas...»

Juan (Jn 16,20): «Vuestra tristeza se convertirá en...»

Mateo (Mt 5,4): «Bienaventurados los que lloran, porque...»","- Uso litúrgico: Canto de entrada o final en Eucaristías festivas, celebraciones de acción de gracias y tiempo pascual.
- Carácter musical: Alegre, vivo, exultante y danzante."
Cuando Israel salió de Egipto,Kiko Argüello,Salmo 114 (113 A),"El gran himno del Éxodo pascual que proclama el temblor reverente de la naturaleza ante el Dios de Jacob, transformando el mar en huida, el Jordán en retroceso y la peña dura en manantial de agua viva.","- La santificación de Israel: Al salir de la tierra de opresión, Judá fue consagrado como el santuario vivo de Dios en la historia.
- El sobrecogimiento de la creación: El mar Rojo huye y el Jordán retrocede porque no pueden oponerse al paso del Creador que rescata a su pueblo.
- El agua de la roca: Dios hace brotar arroyos de agua viva de la peña más árida, figura del bautismo y de la abundancia del Espíritu.",Cristo es la Roca verdadera herida en el Gólgota de cuyo seno brota el manantial que sacia la sed de los creyentes en el desierto del mundo.,Testimonio del catecúmeno que ve cómo los obstáculos insuperables de su vida (sus «mares» y «jordanes») se abren y huyen cuando Dios interviene para salvarlo.,"«Cuando Israel salió de Egipto, los hijos de Jacob de un pueblo bárbaro...»

Salmos (Sal 114,1): «Cuando salió Israel de Egipto...»

«El mar lo vio y huyó, el Jordán se volvió atrás...»

Salmos (Sal 114,3): «El mar lo vio, y...»

Éxodo (Ex 14,21): «Y Yahvéh hizo que el...»

Josué (Jos 3,16): «Las aguas que venían de...»

«Tiembla, tierra, ante la faz del Señor, ante la faz del Dios de Jacob...»

Salmos (Sal 114,7): «A la presencia de Yahvéh...»

«Que transforma la peña en estanque y el pedernal en manantial de aguas...»

Salmos (Sal 114,8): «El cual cambió la peña...»

1 Corintios (1Co 10,4): «Bebían de la roca espiritual...»","- Uso litúrgico: Vigilia Pascual, Eucaristías del Tiempo Pascual y ritos bautismales.
- Carácter musical: Solemne, procesional, con ritmo firme y aclamativo."
Dayenú,Kiko Argüello,Himno litúrgico de la Hagadá de Pésaj,"Letanía pascual de asombro y gratitud donde el pueblo confiesa que cualquiera de las maravillas de Dios en el Éxodo habría sido suficiente («Dayenú»), pero el Señor colmó a sus hijos con una sobreabundancia de bendiciones.","- La sobreabundancia de la gracia (*Dayenú* = «Nos bastaría»): Dios no se limitó a un rescate mínimo; desbordó su amor sacando a Israel, partiendo el mar, alimentándolo con el maná, dándole el Sabbat y la Torá.
- La memoria viva de los dones: Pedagogía de gratitud donde el creyente reconoce que Dios ha superado infinitamente todo lo que el hombre podía esperar o merecer.
- La alianza cumplida: El itinerario que conduce de la esclavitud de Egipto al descanso y a la posesión de la Tierra Santa.","Cristo es el Don supremo del Padre que supera todas las figuras del Éxodo, entregándonos no solo el maná perecedero sino su propio Cuerpo como alimento de vida eterna.","Testimonio del hermano que contempla su propia historia y proclama conmovido que si Dios solo lo hubiera perdonado, ya bastaría; pero le ha regalado a la Iglesia, a su familia y la vida eterna.","«Si nos hubiera sacado de Egipto y no hubiera hecho justicia con el Faraón: ¡Nos bastaría!...»

Éxodo (Ex 12,51): «En aquel mismo día sacó...»

«Si nos hubiera abierto el mar y no nos hubiera alimentado en el desierto: ¡Nos bastaría!...»

Éxodo (Ex 14,21): «Y dividió las aguas...»

Éxodo (Ex 16,4): «He aquí yo os haré...»

«Cuánto más debemos agradecer al Señor por todos sus beneficios hacia nosotros...»

Salmos (Sal 103,2): «Y no olvides ninguno de...»

Efesios (Ef 3,20): «Aquel que es poderoso para...»","- Uso litúrgico: Cena Pascual (Séder de Pésaj), Vigilia Pascual y encuentros festivos de comunidad.
- Carácter musical: Festivo, danzante, rítmico y con respuesta coral jubilosa."
De profundis,Kiko Argüello,Salmo 130 (129),"El grito de penitencia por excelencia que clama desde el abismo de la culpa hacia el Señor, confiando en su perdón redentor y aguardando su misericordia más que los centinelas a la aurora.","- El clamor desde el abismo: Reconocimiento lúcido de la gravedad del pecado que separa a la criatura de su Dios.
- La imposibilidad de la autosuficiencia: «Si llevas cuenta de los delitos, Señor, ¿quién podrá resistir?». Nadie puede justificarse a sí mismo.
- El perdón que suscita reverencia: En Dios reside el perdón para que el hombre aprenda a amarlo y temerlo filialmente.
- La espera vigilante: El alma espera la Palabra divina con mayor anhelo y certeza que el centinela que aguarda la llegada del amanecer.","Cristo es la Redención copiosa enviada por el Padre, quien descendió a nuestros abismos más hondos para tomarnos de la mano y sacarnos a la luz de la resurrección.","Testimonio del pecador que tocó el fondo de la miseria y el fracaso moral y da fe de que, al gritar a Dios desde su nada, halló acogida, perdón absoluto y rescate de la muerte.","«Desde lo hondo a ti grito, Señor; Señor, escucha mi voz...»

Salmos (Sal 130,1-2): «De lo profundo, oh Yahvéh...»

«Si llevas cuenta de los delitos, Señor, ¿quién podrá resistir?...»

Salmos (Sal 130,3): «Yahvéh, si mirares a los...»

«Pero del Señor viene el perdón, y así infundes respeto...»

Salmos (Sal 130,4): «Pero en ti hay perdón...»

«Mi alma espera en el Señor más que el centinela a la aurora...»

Salmos (Sal 130,6): «Mi alma espera a Yahvéh...»

Romanos (Ro 5,20): «Donde el pecado abundó, sobreabundó...»","- Uso litúrgico: Celebraciones penitenciales, ritos de difuntos, tiempo de Cuaresma y Laudes/Vísperas de intercesión.
- Carácter musical: Quejumbroso, grave, solemne y con profundo recogimiento interior."
Débora,Kiko Argüello,"Jueces 5,1-31 (El cántico triunfal de Débora y Barac)","Cántico profético de victoria militar y espiritual que ensalza a Débora, madre en Israel, y a Jael, proclamando cómo Dios humilla a los soberbios opresores y derriba a Sísara por mano de una mujer.","- La fuerza de Dios en la debilidad femenina: Débora y Jael prefiguran el triunfo de los pequeños; Dios confunde el poder militar de carros de hierro mediante la astucia de los humildes.
- Despertar de la fe en Israel: Despierta, Débora, despierta y entona un cántico; la fe convoca a los creyentes a levantarse del conformismo ante la opresión del enemigo.
- Juicio sobre los poderes opresores: Los cielos y los torrentes combaten contra Sísara, manifestando que ningún poder inicuo prevalecerá contra el Reino de Dios.",Cristo es el Rey del Universo y el Juez verdadero que quebranta las cabezas de los gobernantes de las tinieblas y concede la victoria definitiva a su Iglesia.,Testimonio de la comunidad que comprueba cómo Dios utiliza los instrumentos más débiles e insignificantes para desbaratar los planes de soberbia y opresión en el mundo.,"«Despierta, Débora, despierta; levántate y canta un cántico...»

Jueces (Jue 5,12): «Despierta, despierta, Débora; despierta...»

«Bendita entre las mujeres sea Jael...»

Jueces (Jue 5,24): «Bendita sea entre las mujeres...»

«Así perezcan todos tus enemigos, Señor...»

Jueces (Jue 5,31): «Así perezcan todos tus enemigos...»

Lucas (Lc 1,51-52): «Hizo proezas con su brazo...»

1 Corintios (1Co 1,27): «Sino que lo necio del...»","- Uso litúrgico: Celebraciones de la Palabra sobre la historia de la salvación, convivencias y vigilias festivas.
- Carácter musical: Épico, triunfal, con marcha guerrera y aclamación enérgica."
Decidle a los de corazón cansado,Kiko Argüello,"Isaías 35,1-10","Oráculo de esperanza mesiánica que exhorta a robustecer las manos débiles y afirmar las rodillas vacilantes, anunciando que Dios mismo viene en persona a salvarnos.","- Ánimo a los atribulados: Mandato profético de llevar consuelo a quienes están hundidos por el desaliento y el miedo existencial.
- La teofanía sanadora: La llegada de Dios sana la ceguera, abre los oídos de los sordos, hace saltar al cojo como un ciervo y desata la lengua del mudo.
- El camino sagrado: Se abrirá una calzada limpia por donde caminarán los redimidos, libres del acecho de leones y fieras, alcanzando el gozo eterno donde huyen las penas y aflicciones.","Cristo se manifiesta como el Salvador prometido cuyas obras mesiánicas confirman su venida: dar vista a los ciegos, oído a los sordos y vida nueva a los desahuciados (Mt 11,4-5).","Testimonio de la persona desanimada y quebrada por sus luchas que, al escuchar la predicación, recobra fuerzas sobrenaturales para volver a caminar en la fe.","«Fortaleced las manos débiles, afirmad las rodillas vacilantes...»

Isaías (Is 35,3): «Fortaleced las manos cansadas, afirmad...»

Hebreos (Hb 12,12): «Por lo cual, levantad las...»

«Decid a los de corazón cansado: ¡Ánimo, no temáis; he aquí vuestro Dios viene a salvaros!...»

Isaías (Is 35,4): «Decid a los de corazón...»

«Entonces se despegarán los ojos de los ciegos y los oídos de los sordos se abrirán...»

Isaías (Is 35,5): «Entonces los ojos de los...»

Mateo (Mt 11,5): «Los ciegos ven, los cojos...»

«Habrá allí una calzada, camino sagrado; y los redimidos volverán con cantos de júbilo...»

Isaías (Is 35,8-10): «Y habrá allí calzada y...»

Apocalipsis (Ap 21,4): «Enjugará Dios toda lágrima de...»","- Uso litúrgico: Tiempo de Adviento (especialmente el Domingo de Gaudete), escrutinios y celebraciones comunitarias de consolación.
- Carácter musical: Animado, esperanzador, solemne y con gran fuerza testimonial."
Delante de los ángeles,Kiko Argüello,Salmo 138 (137),"Acción de gracias sincera y confiada donde el salmista tañe y canta ante la corte celestial, agradeciendo la fidelidad de Yahvéh, quien atiende al humilde y consuma su obra.","- La alabanza en presencia celestial: El hombre se une a la liturgia de los ángeles para dar gracias a Dios por su amor y su lealtad.
- La grandeza del Nombre y la Promesa: Dios ha engrandecido su Nombre y su Palabra por encima de todas las cosas.
- La mirada hacia el humilde: Yahvéh es sublime, pero se fija en el abatido y conoce desde lejos al soberbio.
- Dios consuma su obra: Certeza absoluta de que el Señor no abandonará la obra de sus manos en medio de la angustia.","Cristo se manifiesta como el Salvador glorioso ante quien se doblan los ángeles, quien desciende al abatido y extiende su diestra para librarnos de los enemigos.","Testimonio del creyente que clama en el día de la tribulación, experimentando cómo Dios acrecienta el valor en su alma y lleva a término la historia de salvación en su vida.","«Te doy gracias, Señor, de todo corazón; delante de los ángeles tañeré para ti...»

Salmos (Sal 138,1): «Te alabaré con todo mi corazón...»

«El día en que clamé, me respondiste; acrecentaste la fuerza en mi alma...»

Salmos (Sal 138,3): «El día que clamé, me respondiste...»

«Sublime es el Señor y se fija en el humilde, y de lejos conoce al soberbio...»

Salmos (Sal 138,6): «Porque Yahvéh es excelso, y atiende...»

Lucas (Lc 1,48): «Porque ha mirado la bajeza de...»

«El Señor completará sus favores conmigo; Señor, no abandones la obra de tus manos...»

Salmos (Sal 138,8): «Yahvéh cumplirá su propósito en mí...»

Filipenses (Flp 1,6): «El que comenzó en vosotros la...»","- Uso litúrgico: Canto de comunión, vísperas y celebraciones de acción de gracias comunitaria.
- Carácter musical: Solemne, procesional, lírico y con gozosa confianza."
Día de reposo,Kiko Argüello,"Tradición litúrgica judía del Shabat; Éxodo 20,8-11; Génesis 2,1-3","Himno festivo y contemplativo del Shabat que celebra el descanso divino, el cese de los afanes del mundo y la anticipación del gozo del Reino eterno.","- El misterio del Shabat: Don sagrado donde el hombre se detiene, reconoce que Dios es el único Creador y deja de esclavizarse por el trabajo y el dinero.
- Señal de la Alianza: El día santo santificado por Dios como memorial de la Creación y de la liberación de Egipto.
- Anticipación escatológica: Cada día de reposo prefigura el descanso eterno de los santos en las bodas del Cordero.","Cristo se manifiesta como el Verdadero Señor del Sábado (Mt 12,8) y el Descanso definitivo que quita el yugo y la fatiga del pecado a los hombres.","Testimonio de la familia cristiana que se reúne en torno a la mesa para bendecir a Dios, dejando atrás las angustias cotidianas para gustar la paz y el perdón celestial.","«Acuérdate del día de reposo para santificarlo...»

Éxodo (Ex 20,8): «Acuérdate del día de reposo...»

«Bendijo Dios el día séptimo y lo santificó...»

Génesis (Gn 2,3): «Y bendijo Dios al día séptimo...»

«Día de alegría, delicia para el alma...»

Isaías (Is 58,13): «Si retrajeres del día de reposo...»

Mateo (Mt 11,28): «Venid a mí todos los que...»

Hebreos (Hb 4,9): «Por tanto, queda un reposo para...»","- Uso litúrgico: Vísperas del sábado, cena pascual y celebraciones comunitarias de acogida del Domingo.
- Carácter musical: Sereno, festivo, íntimo y con aire hebreo tradicional."
Dice el Señor a mi Señor,Kiko Argüello,Salmo 110 (109),"Salmo mesiánico por excelencia que proclama la entronización real y el sacerdocio eterno de Cristo a la derecha del Padre, sometiendo a todo poder enemigo.","- La soberanía mesiánica: «Siéntate a mi derecha hasta que ponga a tus enemigos por estrado de tus pies»; triunfo incondicional del Ungido.
- El sacerdocio eterno: «Tú eres sacerdote para siempre según el orden de Melquisedec»; sacerdocio que no pasa por la sangre animal sino por la ofrenda perfecta.
- El juicio de las naciones: El Rey quebranta a los reyes en el día de su ira y bebe del torrente en el camino para levantar la cabeza victoriosa.","Cristo se manifiesta como el Rey de reyes, el Sumo Sacerdote de la nueva Alianza y el Señor exaltado sobre todo principado y potestad.","Testimonio de la Iglesia que no teme a los imperios ni a las persecuciones, sabiendo que Jesucristo ya reina y que el poder de la muerte está vencido.","«Dice el Señor a mi Señor: Siéntate a mi derecha...»

Salmos (Sal 110,1): «Yahvéh dijo a mi Señor: Siéntate...»

Mateo (Mt 22,44): «Dijo el Señor a mi Señor...»

Hechos (Hch 2,34-35): «Porque David no subió a los...»

«Tú eres sacerdote para siempre según el orden de Melquisedec...»

Salmos (Sal 110,4): «Juró Yahvéh, y no se arrepentirá...»

Hebreos (Hb 5,6): «Tú eres sacerdote para siempre, según...»

1 Corintios (1Co 15,25): «Porque preciso es que él reine...»","- Uso litúrgico: Vísperas solemnes de los domingos, fiesta de Cristo Rey y tiempo de Pascua/Ascensión.
- Carácter musical: Firme, solemne, majestuoso y con autoridad regia."
Dichoso el hombre,Kiko Argüello,Salmo 1,"Pórtico sapiencial del Salterio que contrasta los dos caminos: el del justo, plantado junto a corrientes de agua viva, y el del impío, que se disipa como paja que arrebata el viento.","- La elección de los dos caminos: La vida humana ante una disyuntiva radical: la senda de la Ley divina o el camino estéril del desprecio a Dios.
- El árbol fecundo junto al río: El hombre que medita la Palabra día y noche no se seca; su fruto madura a tiempo y su vida no se pierde.
- La vanidad del mal: El camino de los impíos carece de raíz y consistencia; en el juicio no se sostendrán, sino que perecerán.",Cristo se manifiesta como el Verdadero Justo inmaculado y el Árbol de la Vida plantado en el Calvario cuyas hojas sanan a las naciones.,Testimonio del cristiano que renuncia a amoldarse a los criterios del mundo y experimenta la fecundidad y la paz de fundamentar su existencia en la Palabra de Dios.,"«Dichoso el hombre que no sigue el consejo de los impíos...»

Salmos (Sal 1,1): «Bienaventurado el varón que no anduvo...»

«En la ley del Señor se deleita, y en su ley medita de día y de noche...»

Salmos (Sal 1,2): «Sino que en la ley de...»

«Será como árbol plantado junto a corrientes de agua...»

Salmos (Sal 1,3): «Será como árbol plantado junto a...»

Jeremías (Jr 17,7-8): «Bendito el varón que confía en...»

«No así los impíos, que son como la paja que arrebata el viento...»

Salmos (Sal 1,4): «No así los malos, que son...»

Mateo (Mt 7,13-14): «Entrad por la puerta estrecha; porque...»","- Uso litúrgico: Celebraciones de la Palabra sobre la vocación, Cuaresma y ritos de escrutinio.
- Carácter musical: Contemplativo, didáctico, sereno y con balanceo meditativo."
El combate escatológico,Kiko Argüello,"Apocalipsis 12,1-17","La gran batalla cósmica entre la Mujer vestida de sol y el Dragón rojo de siete cabezas, proclamando la salvación y el poder de Dios mediante la sangre del Cordero.","- La Mujer y el Dragón: María y la Iglesia sufriente en dolores de parto para engendrar a Cristo y a los santos en el mundo.
- La derrota de Satanás: Miguel y sus ángeles combaten y arrojan a la antigua serpiente a la tierra; el acusador de los hermanos ha sido derribado.
- La victoria por la sangre y el testimonio: Los mártires y creyentes vencen al maligno no con espadas, sino por la sangre del Cordero y el desprecio a su propia vida hasta la muerte.","Cristo se manifiesta como el Hijo varón arrebatado hasta el trono de Dios, el Pastor que regirá a las naciones con vara de hierro y el Cordero victorioso.","Testimonio de la comunidad perseguida que no cede al pánico ni a la venganza, sabiendo que el demonio está derrotado y que el sufrimiento presente engendra salvación.","«Una gran señal apareció en el cielo: una mujer vestida del sol...»

Apocalipsis (Ap 12,1): «Apareció en el cielo una gran...»

«Apareció otra señal: un gran dragón escarlata...»

Apocalipsis (Ap 12,3): «También apareció otra señal en el...»

«Y hubo una gran batalla en el cielo: Miguel y sus ángeles luchaban contra el dragón...»

Apocalipsis (Ap 12,7): «Después hubo una gran batalla en...»

«Y ellos le han vencido por medio de la sangre del Cordero y de la palabra del testimonio...»

Apocalipsis (Ap 12,11): «Y ellos le han vencido por...»

Génesis (Gn 3,15): «Y pondré enemistad entre ti y...»","- Uso litúrgico: Solemnidad de la Asunción de la Virgen María, tiempo pascual y vigilias escatológicas.
- Carácter musical: Épico, dramático, sobrecogedor y con clímax triunfal."
El Espíritu del Señor está sobre mí,Kiko Argüello,"Isaías 61,1-3; Lucas 4,16-21","El manifiesto mesiánico de Jesús en Nazaret: ungido por el Espíritu Santo para anunciar la Buena Nueva a los pobres, vendar los corazones desgarrados y proclamar el año de gracia del Señor.","- La unción del Espíritu: La misión profética y salvífica nace de la efusión plena del Espíritu Santo.
- Evangelización de los indefensos: El anuncio va dirigido prioritariamente a los cautivos, prisioneros, ciegos y quebrantados.
- El año jubilar de la gracia: Tiempo mesiánico donde se cancelan las deudas, se restituye la dignidad y se proclama el consuelo a los afligidos de Sión.","Cristo se manifiesta como el Mesías Consolador y Libertador, el Ungido del Padre que hoy cumple las Escrituras trayendo rescate.",Testimonio del evangelizador y del cristiano que experimenta cómo la unción de Dios lo envía a tocar las llagas de los hombres y llevarles la alegría del perdón.,"«El Espíritu del Señor está sobre mí, por cuanto me ha ungido...»

Isaías (Is 61,1): «El Espíritu de Yahvéh el Señor...»

Lucas (Lc 4,18): «El Espíritu del Señor está sobre...»

«Me ha enviado a proclamar la liberación a los cautivos...»

Lucas (Lc 4,18b): «A pregonar libertad a los cautivos...»

«A proclamar el año de gracia del Señor...»

Lucas (Lc 4,19): «A predicar el año agradable del...»

«Hoy se ha cumplido esta Escritura que acabáis de oír...»

Lucas (Lc 4,21): «Hoy se ha cumplido esta Escritura...»

Mateo (Mt 11,5): «Y a los pobres es anunciado...»","- Uso litúrgico: Misa Crismal, ritos de envío misionero, ordenaciones y celebraciones de la Palabra.
- Carácter musical: Solemne, orante, con autoridad profética y unción sagrada."
El jacal de los pastores,Kiko Argüello,"Cantar de los Cantares 1,7-8","Diálogo tierno donde la Esposa pregunta al Amado dónde apacienta al mediodía para no andar vagando, y el Esposo la invita a seguir las huellas del rebaño hasta el jacal.","- La búsqueda del reposo divino: El alma anhela el lugar del descanso verdadero en la hora del mediodía (el calor de las tentaciones y pruebas).
- Peligro de vagar extraviada: El temor a seguir a falsos pastores y extraviarse tras rebaños extraños.
- Las huellas de la Tradición: Para hallar a Cristo, la Esposa debe seguir el rastro del rebaño fiel, es decir, la fe viva de los santos y de la Iglesia.",Cristo se manifiesta como el Pastor Amado que apacienta a los suyos en oasis de descanso y protege a su rebaño bajo la sombra de su tienda.,Testimonio de quien se sentía confundido entre tantas ideologías del mundo y encuentra en la Iglesia y en la comunidad el camino seguro hacia la comunión con Cristo.,"«Hazme saber, amor de mi alma, dónde apacientas, dónde sesteas al mediodía...»

Cantares (Ct 1,7): «Hazme saber, oh tú a quien...»

«Para que yo no ande vagando tras los rebaños de tus compañeros...»

Cantares (Ct 1,7b): «Pues ¿por qué había de estar...»

«Si no lo sabes, ¡oh la más hermosa de las mujeres!, sigue las huellas del rebaño...»

Cantares (Ct 1,8): «Si tú no lo sabes, oh...»

Salmos (Sal 23,2): «En lugares de delicados pastos me...»

Juan (Jn 10,4): «Y las ovejas le siguen, porque...»","- Uso litúrgico: Comunión, vigilias de oración y pasos del camino dedicados al Cantar de los Cantares.
- Carácter musical: Íntimo, pastoral, dulce y contemplativo."
El lagarero,Kiko Argüello,"Isaías 63,1-6; Apocalipsis 19,13-15","Visión profética y estremecedora del Salvador que viene de Edom con vestiduras teñidas de rojo, pisando en soledad el lagar de la cólera divina para redimir a su pueblo.","- El misterio del lagar: Pisar la uva es la figura profética de la Pasión; Cristo es pisoteado en la cruz para que de sus llagas brote el vino dulce de la redención.
- La soledad del Redentor: «El lagar lo he pisado yo solo, de los pueblos nadie estuvo conmigo»; abandono total del Mesías durante su sacrificio expiatorio.
- Las vestiduras teñidas de púrpura: La túnica ensangrentada que no es de sangre ajena, sino de su propia sangre derramada por amor.","Cristo se manifiesta como el Cordero y Guerrero crucificado, el Lagarero divino que absorbe la amargura del pecado para regalar a la Iglesia el cáliz de salvación.","Testimonio del creyente que contempla la Pasión y experimenta que la sangre de Cristo fue derramada por sus propios pecados personales, quedando perdonado.","«¿Quién es este que viene de Edom, con vestiduras rojas?...»

Isaías (Is 63,1): «¿Quién es este que viene de...»

«¿Por qué están rojos tus vestidos, como los del que pisa en el lagar?...»

Isaías (Is 63,2): «¿Por qué es rojo tu vestido...»

«El lagar lo he pisado yo solo, de los pueblos nadie estaba conmigo...»

Isaías (Is 63,3): «He pisado yo solo el lagar...»

Apocalipsis (Ap 19,13): «Estaba vestido de una ropa teñida...»

Apocalipsis (Ap 19,15): «Y él pisa el lagar del...»

Marcos (Mc 14,50): «Entonces todos los discípulos, dejándole, huyeron...»","- Uso litúrgico: Semana Santa (especialmente Martes y Miércoles Santo), celebraciones de la Pasión y Cuaresma.
- Carácter musical: Dramático, solemne, quejumbroso y con profunda gravedad vocal."
El Mesías león,Kiko Argüello,"Génesis 49,9-12; Apocalipsis 5,5","La bendición profética de Jacob a Judá: el cachorro de león que se recuesta y nadie osa levantar, el cetro mesiánico y el que lava sus vestiduras en el vino de la vid.","- El León de la tribu de Judá: Fuerza invencible del Mesías que derrota a todos sus enemigos y duerme el sueño de la muerte sólo para levantarse victorioso.
- El Cetro permanente: La promesa de que el báculo real no se apartará de Judá hasta que venga Aquel a quien pertenece la obediencia de los pueblos.
- La sobreabundancia de vino y leche: Signos de la plenitud escatológica; la sangre de la uva que lava las túnicas prefigura la Eucaristía.",Cristo se manifiesta como el León de Judá que ha vencido para abrir el libro de la historia y el Rey eterno que ata su borriquillo a la vid verdadera.,"Testimonio de la comunidad que no se rinde ante el poder del mal en el mundo, proclamando con valentía que el León de Judá reina vivo y ha vencido a la muerte.","«Cachorro de león es Judá; de la presa subiste, hijo mío...»

Génesis (Gn 49,9): «Cachorro de león, Judá; de...»

«No será quitado el cetro de Judá, hasta que venga el pacificador...»

Génesis (Gn 49,10): «No será quitado el cetro de...»

«Lavó en el vino su vestidura, y en la sangre de las uvas su manto...»

Génesis (Gn 49,11): «Lavó en el vino su vestido...»

Apocalipsis (Ap 5,5): «He aquí que el León de...»

Juan (Jn 15,1): «Yo soy la vid verdadera, y...»","- Uso litúrgico: Tiempo de Adviento, celebraciones mesiánicas y vigilias solemnes de Pascua.
- Carácter musical: Majestuoso, solemne, rítmico y con aire triunfal veterotestamentario."
El mismo Dios,Kiko Argüello,"2 Corintios 4,6-12",La gloria del Evangelio depositada en vasijas de barro: el mismo Dios que mandó brillar la luz en las tinieblas brilla en el corazón del hombre para que se vea que el poder es de Dios y no nuestro.,"- La nueva creación: El mandato creador primordial («Brille la luz») se renueva en el corazón creyente mediante el conocimiento de Cristo.
- El tesoro en vasijas de barro: La fragilidad física y moral del creyente es el recipiente donde se custodia la gracia infinita del Evangelio.
- La paradoja pascual: Atribulados mas no aplastados, perplejos mas no desesperados, perseguidos mas no desamparados, llevando en el cuerpo la muerte de Jesús para que su vida se manifieste.",Cristo se manifiesta como el Rostro resplandeciente de Dios y la Vida indestructible que triunfa continuamente sobre las muertes corporales de sus testigos.,"Testimonio del catequista o del hermano probado por la enfermedad y el límite humano, que experimenta cómo la debilidad manifiesta con pureza la fuerza del Espíritu.","«El mismo Dios que dijo: De las tinieblas brille la luz, es el que ha brillado en nuestros corazones...»

2 Corintios (2Co 4,6): «Porque Dios, que mandó que de...»

Génesis (Gn 1,3): «Y dijo Dios: Sea la luz...»

«Pero tenemos este tesoro en vasijas de barro, para que la excelencia del poder sea de Dios...»

2 Corintios (2Co 4,7): «Pero tenemos este tesoro en vasos...»

«Llevando siempre por todas partes en el cuerpo la muerte de Jesús...»

2 Corintios (2Co 4,10): «Llevando en el cuerpo siempre por...»

2 Corintios (2Co 12,9): «Bástate mi gracia; porque mi poder...»","- Uso litúrgico: Convivencias apostólicas, escrutinios, exequias y celebraciones de la Palabra.
- Carácter musical: Contemplativo, lírico, grave y con afirmación esperanzada."
El necio piensa que Dios no existe,Kiko Argüello,Salmo 14 (13),"Denuncia profética de la corrupción y el ateísmo práctico del hombre autosuficiente, que actúa en su corazón como si Dios no existiera, contrastado con el refugio que Dios ofrece al pobre.","- El ateísmo práctico: El necio no niega a Dios teóricamente, sino que vive prescindiendo de Él en sus decisiones morales («en su corazón dice: no hay Dios»).
- La mirada divina sobre la tierra: El Señor se asoma desde el cielo para ver si queda algún sensato que busque a Dios, hallando a todos descarriados en su propio egoísmo.
- Dios con la estirpe justa: El pánico sobrecoge a los opresores cuando descubren que el Señor es el baluarte y la esperanza del desvalido.","Cristo se manifiesta como el Único Justo y Sensato que busca la voluntad del Padre en todo, convirtiéndose en el refugio definitivo del pobre perseguido.","Testimonio del creyente que confiesa haber vivido como si Dios no existiera, persiguiendo sus propios ídolos, hasta ser alcanzado por el perdón y la luz del Evangelio.","«Dice el necio en su corazón: Dios no existe...»

Salmos (Sal 14,1): «Dice el necio en su...»

Salmos (Sal 53,1): «Dice el necio en su corazón...»

«El Señor se asoma desde el cielo hacia los hijos de Adán...»

Salmos (Sal 14,2): «Yahvéh miró desde los cielos...»

«Todos se han extraviado, a una se han corrompido...»

Salmos (Sal 14,3): «Todos se desviaron, a una...»

Romanos (Ro 3,10-12): «No hay justo, ni aun...»

«¡Ojalá venga de Sión la salvación de Israel!...»

Salmos (Sal 14,7): «¡Oh, que de Sión saliera...»","- Uso litúrgico: Celebraciones penitenciales, pasos de escrutinio de conversión y Laudes de Cuaresma.
- Carácter musical: Grave, severo, incisivo y con resolución esperanzada al final.	"
El pueblo que caminaba en las tinieblas,Kiko Argüello,"Isaías 9,1-6","Profecía mesiánica de la gran luz que resplandece sobre quienes habitaban en tierra de sombras, quebrando el yugo opresor con el nacimiento del Niño Salvador.","- La irrupción de la Luz increada: La salvación despunta en la oscuridad más profunda del sufrimiento y la perdición humana.
- Destrucción de la opresión: Se quiebra la vara del tirano y la bota del soldado es entregada al fuego purificador.
- El Salvador divino: El gobierno descansa sobre sus hombros; recibe los títulos de Consejero admirable, Dios fuerte, Padre sempiterno y Príncipe de la paz.","Cristo se manifiesta como el Niño Dios nacido de la Virgen, la Luz del mundo que destruye el yugo del pecado y del demonio.","Testimonio del hombre que caminaba desorientado y en tinieblas de muerte existencial, experimentando el gozo inmenso del perdón y de la paz traídos por Jesucristo.","«El pueblo que caminaba en las tinieblas vio una gran luz...»

Isaías (Is 9,2): «El pueblo que andaba en...»

Mateo (Mt 4,16): «El pueblo asentado en tinieblas...»

«Porque el yugo que pesaba sobre él, tú lo has quebrado...»

Isaías (Is 9,4): «Porque tú quebraste su pesado...»

«Porque un niño nos ha nacido, un hijo se nos ha dado...»

Isaías (Is 9,6): «Porque un niño nos es...»

Lucas (Lc 2,11): «Que os ha nacido hoy...»

Juan (Jn 1,9): «Aquella luz verdadera, que alumbra...»","- Uso litúrgico: Tiempo de Navidad, Vigilia de Nochebuena, Misa del Gallo y Adviento.
- Carácter musical: Solemne, jubiloso, luminoso y con carácter de aclamación festiva.	"
El sembrador,Kiko Argüello,"Marcos 4,3-9; Mateo 13,3-9; Lucas 8,5-8","Parábola evangélica de la siembra: la generosidad inagotable de la Palabra que cae al borde del camino, entre piedras o zarzas, y al caer en tierra buena fructifica al ciento por uno.","- La prodigalidad divina: El Sembrador derrama la semilla sin distinción ni tacañería sobre toda clase de terrenos.
- Los combates de la acogida: Las aves (el diablo que arrebata la Palabra), el pedregal (inconstancia ante la persecución) y las espinas (afán de riquezas que ahoga el fruto).
- La tierra buena del corazón: Quien acoge la predicación en un corazón noble y perseverante engendra vida sobreabundante.","Cristo se manifiesta como el Sembrador divino y, al mismo tiempo, el Grano de trigo que muere en la tierra para producir fruto eterno.",Testimonio del cristiano que reconoce sus propias durezas de corazón y pide a Dios ser transformado en tierra fértil para dar fruto de caridad hacia los demás.,"«Salió el sembrador a sembrar su semilla...»

Marcos (Mc 4,3): «Oíd: He aquí, el sembrador...»

«Una parte cayó al borde del camino y vinieron los pájaros y se la comieron...»

Marcos (Mc 4,4): «Y aconteció que sembrando, una...»

«Otra cayó en tierra buena y dio fruto: al treinta, al sesenta y al ciento por uno...»

Marcos (Mc 4,8): «Pero otra parte cayó en...»

Lucas (Lc 8,15): «Mas la que cayó en...»

Juan (Jn 12,24): «Si el grano de trigo no...»","- Uso litúrgico: Celebraciones de la Palabra sobre la catequesis, escrutinios y Tiempo Ordinario.
- Carácter musical: Pastoral, rítmico, pedagógico y con carácter de balada popular.	"
El Señor anuncia una noticia,Kiko Argüello,"Salmo 68 (67),12-14.19","Proclamación bélica y triunfal del heraldo divino: las mujeres que anuncian la victoria son un gran ejército, los reyes huyen en desbandada y las alas de la paloma brillan de plata.","- El heraldo de la salvación: La victoria la decreta Dios; a su pueblo le corresponde publicar la Buena Nueva con valentía.
- La huida de los poderes mundanos: Los ejércitos enemigos y los soberbios caen estrepitosamente ante la Palabra divina.
- El botín de la paz: La hermosura y serenidad de la Iglesia liberada, representada por la paloma con plumas de plata y oro encendido.",Cristo se manifiesta como el Vencedor invicto que despoja a los principados y reparte los dones de su Espíritu a su pueblo redimido.,"Testimonio de la comunidad misionera que proclama el Evangelio con libertad de espíritu, comprobando que los poderes de la mentira huyen ante la verdad de Cristo.","«El Señor da una orden; las que anuncian la victoria son un ejército inmenso...»

Salmos (Sal 68,11): «El Señor daba palabra; había...»

«Huyen, huyen los reyes con sus ejércitos...»

Salmos (Sal 68,12): «Huyeron reyes de ejércitos, y...»

«Las alas de la paloma cubiertas de plata, y sus plumas con reflejos de oro...»

Salmos (Sal 68,13): «Bien que os hayáis recostado...»

Nahúm (Na 1,15): «He aquí sobre los montes...»

Colosenses (Col 2,15): «Y despojando a los principados...»","- Uso litúrgico: Pascua, convivencias misioneras y celebraciones gozosas de la Palabra.
- Carácter musical: Épico, enérgico, marcial y de ritmo dinámico.	"
El Señor es mi pastor,Kiko Argüello,Salmo 23 (22),"El himno supremo de confianza filial: el creyente conducido por el Buen Pastor a fuentes tranquilas, protegido en el valle de tinieblas y ungido para el banquete eterno.","- Nada me falta: La suficiencia absoluta que brota de pertenecer al Señor; liberación de la codicia y de la angustia por el mañana.
- El valle oscuro: Aunque cruce por cañadas de sombra de muerte, ningún mal teme el alma porque el cayado y la vara de Dios infunden aliento.
- La mesa preparada y la copa colmada: Anticipación de los misterios sacramentales (Eucaristía y confirmación con óleo santo) frente a los enemigos.",Cristo se manifiesta como el Buen Pastor que da la vida por sus ovejas y las conduce de la muerte a la vida eterna.,"Testimonio de quien ha atravesado momentos de crisis, duelo o soledad extrema, y da fe ante sus hermanos de que la mano de Dios nunca lo desamparó.","«El Señor es mi pastor, nada me falta...»

Salmos (Sal 23,1): «Yahvéh es mi pastor; nada...»

Juan (Jn 10,14): «Yo soy el buen pastor...»

«Hacia fuentes tranquilas me conduce, repara mis fuerzas...»

Salmos (Sal 23,2-3): «En lugares de delicados pastos...»

«Aunque camine por cañadas oscuras, nada temo porque tú vas conmigo...»

Salmos (Sal 23,4): «Aunque ande en valle de...»

«Preparas una mesa ante mí, enfrente de mis enemigos; unges mi cabeza con óleo...»

Salmos (Sal 23,5): «Aderezas mesa delante de mí...»

Apocalipsis (Ap 7,17): «Porque el Cordero que está...»","- Uso litúrgico: Comunión eucarística, celebraciones bautismales, exequias y Laudes.
- Carácter musical: Íntimo, pastoral, dulce, confiado y sereno.	"
El Señor me ha dado,Kiko Argüello,"Isaías 50,4-10 (Tercer Cántico del Siervo de Yahvéh)","La entrega incondicional del Siervo doliente: dotado de una lengua de discípulo para confortar al abatido, ofrece su espalda a los azotes y no aparta su rostro de ultrajes y salivazos, confiado en que Dios lo defiende.","- El oído del discípulo: El Siervo escucha de mañana como un discípulo atento para saber dirigir una palabra de consuelo al cansado.
- La no resistencia al mal: Entrega voluntaria del cuerpo al martirio: ofrecer las mejillas a quienes arrancan la barba y no esconder el rostro de los escupitajos.
- La defensa divina: «El Señor Dios me ayuda, por eso no me desanimé; por eso endurecí mi rostro como pedernal, sabiendo que no quedaré avergonzado».","Cristo se manifiesta como el Siervo ultrajado y humillado de la Pasión, que sube a Jerusalén con rostro decidido para dar su vida por los pecadores.","Testimonio del discípulo que aprende a soportar la injusticia y el rechazo en su entorno familiar o laboral sin guardar rencor, apoyándose exclusivamente en Dios.","«El Señor me ha dado una lengua de discípulo, para saber sostener al cansado...»

Isaías (Is 50,4): «Yahvéh el Señor me dio...»

«Ofrecí mi espalda a los que me golpeaban, y mis mejillas a los que mesaban mi barba...»

Isaías (Is 50,6): «Di mi cuerpo a los...»

Mateo (Mt 26,67): «Entonces le escupieron en el...»

«No oculté mi rostro ante las injurias y salivazos...»

Isaías (Is 50,6b): «No escondí mi rostro de...»

«El Señor Dios viene en mi ayuda, ¿quién me condenará?...»

Isaías (Is 50,9): «He aquí que Yahvéh el...»

Romanos (Ro 8,33-34): «¿Quién acusará a los escogidos...»","- Uso litúrgico: Semana Santa (Domingo de Ramos, Miércoles y Viernes Santo), celebraciones penitenciales y Cuaresma.
- Carácter musical: Grave, austero, conmovedor y con determinación profética.	"
"Elí, elí, lamá sabactaní",Kiko Argüello,"Salmo 22 (21); Mateo 27,46; Marcos 15,34","El grito desgarrador de abandono del Justo en la cruz que clama al Padre desde el abismo del sufrimiento, desembocando en la alabanza y la conversión de todas las familias de la tierra.","- El misterio del desamparo redentor: Cristo asume hasta el extremo la separación que el pecado humano causa con Dios, gritando las palabras del Salmo 22.
- La profecía detallada de la crucifixión: El reparto de las vestiduras a suertes, el taladro de manos y pies, y la mofa de los enemigos que desafían su filiación.
- El triunfo universal del Resucitado: La agonía termina en victoria cósmica; los pobres comerán y se saciarán, y toda la tierra se volverá al Señor.",Cristo crucificado que expía nuestras culpas en su propio desamparo y abre para todos los desheredados el banquete del Reino.,"Testimonio de quien ha tocado el fondo del dolor o el vacío existencial, sintiendo que Dios lo había olvidado, y descubre en la Cruz de Cristo que nunca estuvo solo.","«¡Dios mío, Dios mío! ¿Por qué me has abandonado?...»

Salmos (Sal 22,1): «Dios mío, Dios mío, ¿por...»

Mateo (Mt 27,46): «Cerca de la hora novena...»

«Se reparten mis ropas, y echan a suertes mi túnica...»

Salmos (Sal 22,18): «Repartieron entre sí mis vestidos...»

Juan (Jn 19,24): «Dijeron entre sí: No la...»

«Han taladrado mis manos y mis pies, puedo contar todos mis huesos...»

Salmos (Sal 22,16-17): «Horadaron mis manos y mis...»

«Comerán los pobres y se saciarán, alabarán al Señor los que le buscan...»

Salmos (Sal 22,26): «Comerán los humildes, y serán...»

Filipenses (Flp 2,8-9): «Y estando en la condición de...»","- Uso litúrgico: Celebración de la Pasión del Señor (Viernes Santo), Vía Crucis y horas santas.
- Carácter musical: Dramático, doloroso, desgarrador en las estrofas y solemne en la doxología final.	"
En medio de aquel gentío,Kiko Argüello,"Marcos 5,25-34; Lucas 8,43-48 (La curación de la hemorroísa)",El encuentro transformador entre la mujer enferma y Jesús en medio de la multitud: la audacia humilde de tocar el borde de su manto con fe y el milagro de la fuerza salvadora que sale de Cristo.,"- La fe que toca a Dios: En medio de la multitud que empuja y aprieta físicamente, sólo quien tiene fe entraña una comunión real que atrae la fuerza divina.
- La impureza sanada: La mujer impura según la Ley es restaurada en su dignidad y salud al contacto con la santidad de Cristo.
- Salvación integral: Jesús no solo cura la enfermedad biológica; se vuelve hacia ella, la mira a los ojos y le dice: «Hija, tu fe te ha salvado, vete en paz».","Cristo se manifiesta como la Fuente de vida y poder divino, el Salvador atento que se detiene ante el clamor del débil e incomprendido.","Testimonio del hermano que se sentía desgastado y avergonzado por vicios o pecados incurables, y encuentra la salvación acercándose a Cristo en la Eucaristía.","«En medio de aquel gentío una mujer se acercó por detrás...»

Marcos (Mc 5,27): «Cuando oyó hablar de Jesús...»

«Si tocare tan solo el borde de su manto, quedaré sana...»

Marcos (Mc 5,28): «Porque decía: Si tocare tan...»

Mateo (Mt 9,21): «Porque decía dentro de sí...»

«¿Quién ha tocado mi manto? He sentido que una fuerza salía de mí...»

Lucas (Lc 8,46): «Pero Jesús dijo: Alguien me...»

«Hija, tu fe te ha salvado; vete en paz y queda sana de tu aflicción...»

Marcos (Mc 5,34): «Y él le dijo: Hija...»

Lucas (Lc 7,50): «Y dijo a la mujer: Tu...»","- Uso litúrgico: Celebraciones de sanación, escrutinios de iniciación cristiana y Eucaristías ordinarias.
- Carácter musical: Narrativo, ágil, emotivo y con ambiente de relato evangélico.	"
En una noche oscura,Kiko Argüello,San Juan de la Cruz: Poema de la «Noche oscura»,"Cántico místico de la huida secreta del alma que sale de su casa sosegada en medio de la noche de los sentidos, guiada sólo por la luz interior del amor hacia el encuentro con el Esposo divino.","- La dichosa ventura del despojo: Salir sin ser vista por los apetitos carnales; la purificación radical que permite la libertad espiritual.
- La fe como guía más cierta que el mediodía: La luz del amor interior es más luminosa que la razón o los sentidos para encontrar al Señor.
- La unión transformadora: La amada unida al Amado en el monte sagrado; reposo en su pecho florido y olvido total de lo creado.","Cristo se manifiesta como el Amado místico, el Esposo crucificado y resucitado que espera al alma en la cumbre del monte para desposarse con ella.",Testimonio del creyente maduro que comprende que las noches y crisis de su vida fueron la pedagogía silenciosa de Dios para arrancarlo de las vanidades terrenales.,"«En una noche oscura, con ansias en amores inflamada...»

Cantares (Ct 3,1): «Por las noches busqué en...»

«¡Oh dichosa ventura!, salí sin ser notada, estando ya mi casa sosegada...»

Cantares (Ct 3,2): «Me levantaré ahora, y rodearé...»

«A oscuras y segura, por la secreta escala, disfrazada...»

Salmos (Sal 139,12): «Aun las tinieblas no encubren...»

«Sin otra luz y guía sino la que en el corazón ardía...»

2 Pedro (1P 1,19): «Como a una antorcha que...»

«¡Oh noche que guiaste!, ¡oh noche más amable que la alborada!...»

Romanos (Ro 13,12): «La noche está avanzada, y...»","- Uso litúrgico: Vigilias contemplativas de oración, comunión en Cuaresma y encuentros vocacionales.
- Carácter musical: Místico, reposado, lírico, íntimo y profundamente pacificador.	"
Eres digno de tomar el libro,Kiko Argüello,"Apocalipsis 5,9-10.12","El cántico nuevo de la liturgia celeste: los veinticuatro ancianos y las cuatro criaturas vivientes adoran al Cordero degollado, el único digno de abrir los sellos del libro de la historia humana.","- El descifrador del misterio de la historia: Sólo el Cordero crucificado puede abrir los sellos del sufrimiento y revelar el sentido de los acontecimientos del mundo.
- Redención universal por su sangre: El sacrificio de Cristo compró para Dios hombres de toda tribu, lengua, pueblo y nación.
- El pueblo sacerdotal: Fuimos constituidos por Cristo en un reino de sacerdotes para nuestro Dios, reinando sobre la tierra con las armas de la caridad.","Cristo se manifiesta como el Cordero inmolado y en pie, Señor de la historia que posee el poder, la riqueza, la sabiduría, la fuerza, el honor y la gloria.","Testimonio de la Iglesia que no se desespera ante las guerras o tragedias del mundo, sabiendo que la historia humana está en las manos llagadas del Resucitado.","«Eres digno de tomar el libro y de abrir sus sellos...»

Apocalipsis (Ap 5,9): «Y cantaban un nuevo cántico...»

«Porque fuiste degollado, y con tu sangre nos has comprado para Dios...»

Apocalipsis (Ap 5,9b): «Porque tú fuiste inmolado, y...»

1 Pedro (1P 1,18-19): «Sabiendo que fuisteis rescatados...»

«De toda tribu, lengua, pueblo y nación...»

Apocalipsis (Ap 5,9c): «De todo linaje y lengua...»

«Y has hecho de nosotros un reino de sacerdotes para nuestro Dios...»

Apocalipsis (Ap 5,10): «Y nos has hecho para...»

Éxodo (Ex 19,6): «Y vosotros me seréis un...»","- Uso litúrgico: Vigilia Pascual, solemnidades del Señor, Pentecostés y Vísperas mayores.
- Carácter musical: Majestuoso, solemne, con gran fuerza doxológica y aclamación coral.	"
Eres hermoso,Kiko Argüello,"Salmo 45 (44),2-8","Epitalamio mesiánico y nupcial que ensalza la hermosura soberana del Rey Ungido, la gracia derramada en sus labios y la majestad de su justicia y verdad.","- La belleza trascendente de Dios: «Eres el más hermoso de los hijos de Adán»; belleza divina reflejada en la santidad y en la entrega sacrificial.
- La espada de la Palabra y la victoria: El Rey ciñe su espada al flanco para defender la causa de la verdad, la piedad y la justicia.
- La unción con óleo de júbilo: El trono eterno donde Dios consagra al Mesías con perfume de alegría por encima de todos sus compañeros.","Cristo se manifiesta como el Esposo de la Iglesia y Rey eterno, coronado de gracia y gloria, cuya entrega rescata a la humanidad de la fealdad del pecado.","Testimonio del creyente seducido por la belleza del amor de Cristo, reconociendo que todo atractivo mundano palidece ante la gloria del Señor.","«Eres el más hermoso de los hijos de Adán, la gracia se derrama en tus labios...»

Salmos (Sal 45,2): «Eres el más hermoso de...»

Lucas (Lc 4,22): «Y estaban maravillados de las...»

«Cíñete la espada al flanco, oh valiente, en tu gloria y en tu majestad...»

Salmos (Sal 45,3): «Ciñe tu espada sobre el...»

Apocalipsis (Ap 19,16): «Y en su vestidura y...»

«Tu trono permanece por siempre jamás, cetro de equidad es tu cetro real...»

Salmos (Sal 45,6): «Tu trono, oh Dios, es...»

Hebreos (Hb 1,8-9): «Tu trono, oh Dios, por...»","- Uso litúrgico: Bodas comunitarias, fiestas de Cristo Rey, tiempo de Navidad y Epifanía.
- Carácter musical: Lírico, solemne, majestuoso y con acento festivo nupcial.	"
Es paciente,Kiko Argüello,"1 Corintios 13,4-8 (Himno a la Caridad)","La naturaleza sublime de la caridad divina (el amor ágape), que todo lo disculpa, todo lo cree, todo lo espera, todo lo soporta y jamás se acaba.","- El amor ágape: No es un sentimiento humano o afectivo, sino la vida misma de Dios derramada en el corazón por el Espíritu Santo.
- Victoria sobre el egoísmo: La caridad no busca su interés, no tiene envidia, no presume, no se irrita ni lleva cuenta del mal sufrido.
- Lo que permanece para siempre: Mientras los carismas y conocimientos terrenales pasarán, el amor nunca fenece.","Cristo se manifiesta como el Amor Encarnado que amó hasta el extremo, perdonando a sus verdugos y muriendo en la cruz sin devolver el mal.","Testimonio de la comunión en el matrimonio y en la comunidad cristiana, donde los hermanos comprueban el milagro de soportarse y perdonarse con el amor paciente de Dios.","«El amor es paciente, es benigno; el amor no tiene envidia...»

1 Corintios (1Co 13,4): «El amor es sufrido, es...»

«No busca su interés, no se irrita, no toma en cuenta el mal...»

1 Corintios (1Co 13,5): «No hace nada indebido, no...»

«Todo lo disculpa, todo lo cree, todo lo espera, todo lo soporta...»

1 Corintios (1Co 13,7): «Todo lo sufre, todo lo...»

«El amor jamás se acaba...»

1 Corintios (1Co 13,8): «El amor nunca deja de...»

1 Juan (1Jn 4,8): «El que no ama, no...»","- Uso litúrgico: Celebración de Matrimonios, pasos de escrutinio de caridad y Eucaristías dominicales.
- Carácter musical: Dulce, reposado, orante y con respiración lírica.	"
Escóndeme en lo oculto de tu tienda,Kiko Argüello,"Salmo 27 (26),4-9","El anhelo íntimo del orante de habitar en la casa del Señor todos los días de su vida, protegido de las asechanzas del enemigo en el secreto de la tienda divina.","- Una sola cosa pido: La concentración existencial del creyente en buscar el rostro de Dios por encima de toda ganancia humana.
- El santuario como amparo seguro: En el día del peligro y de la tribulación, Dios resguarda al fiel en lo más recóndito de su tabernáculo.
- La búsqueda del Rostro divino: «Tu rostro buscaré, Señor; no me escondas tu rostro»; comunión directa frente a la soledad del mundo.",Cristo es la Tienda de la Alianza y el Templo verdadero en cuyo Cuerpo crucificado y resucitado hallamos refugio contra la muerte.,"Testimonio de quien ha sido abandonado o perseguido por el mundo, experimentando que Dios acoge a los huérfanos de amor y los asienta sobre la roca firme.","«Una cosa pido al Señor, eso buscaré: habitar en la casa del Señor...»

Salmos (Sal 27,4): «Una cosa he demandado a...»

«Él me esconderá en su tienda en el día del peligro...»

Salmos (Sal 27,5): «Porque él me esconderá en...»

«Oigo en mi corazón: Buscad mi rostro; tu rostro buscaré, Señor...»

Salmos (Sal 27,8): «Mi corazón ha dicho de...»

«No me rechaces ni me desampares, Dios de mi salvación...»

Salmos (Sal 27,9): «No escondas tu rostro de...»

Salmos (Sal 27,10): «Aunque mi padre y mi...»","- Uso litúrgico: Canto de comunión, celebraciones penitenciales, vigilias y retiros espirituales.
- Carácter musical: Íntimo, sereno, profundamente suplicante y confiado.	"
"Escuchad, islas lejanas",Kiko Argüello,"Isaías 49,1-6 (Segundo Cántico del Siervo de Yahvéh)","La vocación universal del Siervo de Dios, llamado desde el seno materno para ser flecha afilada, restaurar a Jacob y convertirse en luz de las naciones hasta los confines del orbe.","- Elección desde el vientre materno: Dios pronuncia el nombre de su elegido antes de nacer, consagrándolo para la misión.
- La aparente esterilidad del esfuerzo: El dolor humano de sentir: «Por demás he trabajado, en vano gasté mis fuerzas»; pero la recompensa está en Yahvéh.
- Luz de los gentiles: La salvación no es exclusiva de Israel; Dios expande la gracia a todas las naciones del mundo para que alcance los confines de la tierra.","Cristo se manifiesta como el Siervo escogido del Padre, la Flecha escondida en su aljaba y la Luz que rescata a los gentiles del error.","Testimonio del catequista o misionero que en medio de dificultades apostólicas persevera fiado en la palabra divina, viendo a las naciones acoger el perdón de Dios.","«Escuchadme, islas lejanas; prestad atención, pueblos de lejos...»

Isaías (Is 49,1): «Oídme, costas, y escuchad...»

«El Señor me llamó desde el vientre, desde las entrañas de mi madre...»

Isaías (Is 49,1b): «Yahvéh me llamó desde el...»

Jeremías (Jr 1,5): «Antes que te formase en...»

«Hizo de mi boca una espada afilada, me guardó en su aljaba...»

Isaías (Is 49,2): «Y puso mi boca como...»

«Te hago luz de las naciones, para que mi salvación alcance hasta el fin de la tierra...»

Isaías (Is 49,6): «Poco es para mí que...»

Lucas (Lc 2,32): «Luz para iluminación de los...»

Hechos (Hch 13,47): «Porque así nos ha mandado...»","- Uso litúrgico: Tiempo de Adviento, Epifanía, fiesta de San Juan Bautista y envíos misioneros.
- Carácter musical: Solemne, profético, con autoridad oratoria y llamada universal.	"
Este es el día en que actuó el Señor,Kiko Argüello,"Salmo 118 (117),1.14-17.22-24","El gran himno triunfal del Domingo de Resurrección: la piedra rechazada convertida en angular, la diestra del Señor que hace proezas y el día sagrado de júbilo sin fin.","- El Día que hizo el Señor: El Domingo y la Pascua como el acontecimiento culminante donde Dios derrota definitivamente al pecado y al abismo infernal.
- La Piedra angular: Cristo, desechado y crucificado por los arquitectos del mundo, es colocado por el Padre como cimiento insustituible de la salvación.
- No moriré, sino que viviré: Certeza pascual del redimido que proclama las hazañas de Dios por encima de la amenaza del sepulcro.","Cristo Resucitado que se levanta de la tumba como Piedra viva e inconmovible, rompiendo los cerrojos del hades para inaugurar la vida inmortal.","Testimonio gozoso de la comunidad en la Vigilia Pascual, que pasa de la angustia de la noche al día radiante de la reconciliación y la alegría eterna.","«Este es el día en que actuó el Señor: sea nuestra alegría y nuestro gozo...»

Salmos (Sal 118,24): «Este es el día que...»

«La diestra del Señor ha hecho proezas, la diestra del Señor es excelsa...»

Salmos (Sal 118,15-16): «La diestra de Yahvéh hace...»

«No moriré, sino que viviré para contar las hazañas del Señor...»

Salmos (Sal 118,17): «No moriré, sino que viviré...»

«La piedra que desecharon los arquitectos es ahora la piedra angular...»

Salmos (Sal 118,22): «La piedra que desecharon los...»

Mateo (Mt 21,42): «¿Nunca leísteis en las Escrituras...»

Hechos (Hch 4,11): «Este Jesús es la piedra...»","- Uso litúrgico: Vigilia Pascual, Domingo de Resurrección y Eucaristías de todo el Tiempo Pascual.
- Carácter musical: Festivo, exultante, rítmico, danzante y triunfal.	"
Este es el mandamiento mío,Kiko Argüello,"Juan 15,12-17; 13,34-35 (El mandamiento del amor)","El testamento supremo de Jesús en la Última Cena: amarse unos a otros como Él nos amó, dar la vida por los amigos y permanecer en el gozo pleno de su amor.","- La medida nueva del amor: «Como yo os he amado»; amar no por simpatía humana, sino con la dimensión de la cruz (hasta el extremo del perdón al enemigo).
- Amigos y no siervos: Elevación del creyente a la intimidad divina mediante la revelación plena de los secretos del Padre.
- Elección para dar fruto duradero: «No me elegisteis vosotros a mí, fui yo quien os elegí para que vayáis y deis fruto permanente».",Cristo se manifiesta como el Amigo supremo y el Buen Pastor que entrega voluntariamente su vida para salvar a sus amigos de la condenación.,"Testimonio del amor cristiano en la comunidad, donde personas distantes aprenden a perder la vida por el otro, atestiguando al mundo que Cristo está vivo.","«Este es el mandamiento mío: que os améis unos a otros como yo os he amado...»

Juan (Jn 15,12): «Este es mi mandamiento: Que...»

Juan (Jn 13,34): «Un mandamiento nuevo os doy...»

«Nadie tiene mayor amor que este: dar la vida por sus amigos...»

Juan (Jn 15,13): «Nadie tiene mayor amor que...»

1 Juan (1Jn 3,16): «En esto hemos conocido el...»

«Vosotros sois mis amigos si hacéis lo que yo os mando...»

Juan (Jn 15,14): «Vosotros sois mis amigos, si...»

«No me elegisteis vosotros a mí, sino que yo os elegí a vosotros...»

Juan (Jn 15,16): «No me elegisteis vosotros a...»","- Uso litúrgico: Jueves Santo, rito del Lavatorio de los pies, comunión y celebraciones de alianza fraterna.
- Carácter musical: Emotivo, solemne, cálido, orante y con hondura comunitaria.	"
Evenu Shalom alejem,Tradicional judío (adaptación de Kiko Argüello),"Liturgia y tradición hebrea; Juan 20,19.26; Lucas 24,36",Cántico folclórico de saludo de paz (*Shalom*) que proclama y comparte el don mesiánico de la paz y la reconciliación entre los hermanos.,"- El Shalom mesiánico: Paz que no es tregua política, sino plenitud de salvación, salud, armonía y reconciliación divina.
- Saludo del Resucitado: Reproducción de las palabras de Cristo resucitado al entrar en el cenáculo: «La paz a vosotros».
- Comunión de hermanos: Deseo fraterno donde la asamblea se transmite la gracia y la bendición del Señor.",Cristo se manifiesta como el Príncipe de la Paz que destruye el muro de separación y trae la reconciliación a los hombres dispersos.,"Testimonio de la alegría compartida tras haber recibido el perdón de los pecados, abrazando al prójimo con sinceridad y sin rencores.","«Evenu shalom alejem: la paz esté con vosotros...»

Lucas (Lc 24,36): «Paz a vosotros...»

Juan (Jn 20,19): «Paz a vosotros...»

Juan (Jn 20,26): «Llegó Jesús, y se puso...»

Salmos (Sal 122,8): «Por amor de mis hermanos...»

Efesios (Ef 2,14): «Porque él es nuestra paz...»","- Uso litúrgico: Rito de la Paz en la Eucaristía, ágapes fraternos y encuentros festivos de comunidad.
- Carácter musical: Festivo, acelerado, danzante y alegre.	"
Extiendo mis manos,Kiko Argüello,"Salmo 143 (142),6-10","Súplica ardiente del orante sediento que alza sus manos hacia el cielo, pidiendo el rocío de la gracia por la mañana y el auxilio del buen Espíritu para caminar por senda llana.","- El alma sedienta: «Mi alma tiene sed de ti como tierra reseca y sedienta»; reconocimiento de la aridez sin la gracia divina.
- Prontitud de la misericordia: Deseo de escuchar por la mañana la ternura de Dios para no quedar sumido en la tiniebla.
- La guía del buen Espíritu: Petición para aprender a cumplir la voluntad de Dios y ser guiado a tierra de rectitud.",Cristo es el Justo con los brazos abiertos en la cruz que clama al Padre y derrama su Espíritu Santo para fecundar nuestra aridez espiritual.,"Testimonio del fiel que en momentos de cansancio o vacío levanta sus manos a Dios, comprobando que el Señor escucha el gemido humilde y lo pone de pie.","«Extiendo mis manos hacia ti, mi alma tiene sed de ti como tierra reseca...»

Salmos (Sal 143,6): «Extendí mis manos a ti...»

Salmos (Sal 63,1): «Mi alma tiene sed de...»

«Hazme escuchar tu misericordia por la mañana, porque en ti confío...»

Salmos (Sal 143,8): «Hazme oír por la mañana...»

«Enséñame a cumplir tu voluntad, porque tú eres mi Dios...»

Salmos (Sal 143,10): «Enséñame a hacer tu voluntad...»

«Tu buen Espíritu me guíe por tierra llana...»

Salmos (Sal 143,10b): «Tu buen espíritu me guíe...»

Nehemías (Neh 9,20): «Y enviaste tu buen Espíritu...»","- Uso litúrgico: Oración matutina de Laudes, celebraciones penitenciales y Cuaresma.
- Carácter musical: Suplicante, íntimo, melódico y con honda quietud contemplativa.	"
"Exultad, justos, en el Señor",Kiko Argüello,"Salmo 33 (32),1-5.18-22","Aclamación jubilosa que convoca a los hombres rectos a entonar un cántico nuevo con cítaras y arpas, celebrando la soberanía creadora de la Palabra y el amparo providente de Dios.","- La alabanza propia de los rectos: La alabanza a Dios no brota de labios hipócritas, sino de corazones purificados y sinceros.
- El poder de la Palabra creadora: «Por la palabra del Señor fueron hechos los cielos»; la tierra entera está llena de su gracia y bondad.
- El rescate de la muerte: Los ojos del Señor vigilan sobre sus fieles para librar sus vidas de la fosa y sostenerlos en tiempo de hambre.",Cristo se manifiesta como el Verbo Creador por quien todo fue hecho y el Salvador que libra nuestra alma de la muerte eterna.,Testimonio de la asamblea que canta con agradecimiento al ver cómo la providencia divina la ha sostenido frente a crisis materiales y morales.,"«Exultad, justos, en el Señor; a los rectos conviene la alabanza...»

Salmos (Sal 33,1): «Alegraos, oh justos, en...»

«Cantadle un cántico nuevo, tocad con arte vuestros instrumentos...»

Salmos (Sal 33,3): «Cantadle cántico nuevo; hacedlo...»

«La palabra del Señor es sincera, y todas sus obras son fieles...»

Salmos (Sal 33,4): «Porque recta es la palabra...»

«Los ojos del Señor están puestos en sus fieles, para librar sus vidas de la muerte...»

Salmos (Sal 33,18-19): «He aquí el ojo de...»

Juan (Jn 1,3): «Todas las cosas por él...»","- Uso litúrgico: Entrada de Eucaristías festivas, Laudes de los domingos y celebraciones pascuales.
- Carácter musical: Rítmico, vivo, festivo, coral y procesional.	"
Felicidad para el hombre,Kiko Argüello,Salmo 128 (127),"Cántico de bendición doméstica que promete dicha, prosperidad y paz a todo aquel que teme al Señor y camina por sus senderos.","- El don del santo temor de Dios: El temor de Dios entendido como reverencia y amor fiel que orienta la conducta del hombre.
- La bendición del hogar cristiano: La esposa como vid fecunda en la intimidad de la casa; los hijos como brotes de olivo en torno a la mesa.
- La paz sobre Israel: Bendición que desciende desde Sión sobre la familia humana hasta ver a los hijos de los hijos en paz.","Cristo es el Esposo fiel que colma de fecundidad sobrenatural a su Esposa la Iglesia, congregando a los hijos de Dios dispersos en torno a la mesa de su altar.",Testimonio de matrimonios cristianos que experimentan cómo poner a Dios en el centro de su familia vence la esterilidad afectiva y engendra paz duradera.,"«¡Dichoso el que teme al Señor y sigue sus caminos!...»

Salmos (Sal 128,1): «Bienaventurado todo aquel que teme...»

«Tu esposa será como vid fecunda en el corazón de tu casa...»

Salmos (Sal 128,3a): «Tu mujer será como vid...»

«Tus hijos como brotes de olivo alrededor de tu mesa...»

Salmos (Sal 128,3b): «Tus hijos como plantas de...»

«¡Que veas la paz sobre Israel todos los días de tu vida!...»

Salmos (Sal 128,6): «Y veas a los hijos...»

Efesios (Ef 5,31-32): «Por esto dejará el hombre...»","- Uso litúrgico: Celebraciones de Matrimonio, bendición de familias y Eucaristías de la Sagrada Familia.
- Carácter musical: Pastoral, entrañable, sereno, gozoso y rítmico.	"
Gloria a Dios en lo alto del cielo,Kiko Argüello,"Lucas 2,14; Gran Doxología Litúrgica (Gloria in excelsis Deo)","Himno doxológico trinitario que entona la alabanza angélica de Belén, glorificando al Padre por su inmensa gloria, adorando al Cordero que quita el pecado del mundo y ensalzando al Espíritu Santo.","- La alabanza desinteresada: «Te alabamos, te bendecimos, te adoramos, te glorificamos, te damos gracias por tu inmensa gloria»; amor que no pide nada, sino que contempla la majestad de Dios.
- El Cordero e Intercesor: Cristo como Hijo único del Padre, Dios y Cordero inmolado, sentado a la derecha del Padre con poder intercesor.
- La santidad absoluta de Cristo: «Porque sólo tú eres Santo, sólo tú Señor, sólo tú Altísimo, Jesucristo», confesión radical frente a todos los ídolos terrenales.","Cristo se manifiesta como el Señor, Hijo único, Cordero de Dios y Salvador mediador que acoge nuestra súplica y reina en la gloria del Padre con el Espíritu Santo.","Testimonio del creyente que, liberado de mirarse a sí mismo y a sus miserias, es arrebatado por el Espíritu para adorar a Dios por lo que Él es.","«Gloria a Dios en el cielo, y en la tierra paz a los hombres que ama el Señor...»

Lucas (Lc 2,14): «¡Gloria a Dios en las alturas...»

«Señor Dios, Cordero de Dios, Hijo del Padre, tú que quitas el pecado del mundo...»

Juan (Jn 1,29): «He aquí el Cordero de Dios...»

1 Juan (1Jn 2,2): «Y él es la propiciación...»

«Tú que estás sentado a la derecha del Padre, ten piedad de nosotros...»

Romanos (Ro 8,34): «El que además está a...»

«Porque sólo tú eres Santo, sólo tú Señor, sólo tú Altísimo, Jesucristo...»

Apocalipsis (Ap 15,4): «¿Quién no te temerá, oh...»

Filipenses (Flp 2,11): «Y toda lengua confiese que...»","- Uso litúrgico: Eucaristías de los domingos (fuera de Adviento y Cuaresma), solemnidades y fiestas litúrgicas.
- Carácter musical: Solemne, festivo, luminoso, procesional y con aclamación coral jubilosa.	"
Gracias a Yahveh,Kiko Argüello,Salmo 136 (135) (El Gran Halel),Letanía solemne de acción de gracias cósmica e histórica que contempla la creación y los prodigios del Éxodo bajo el estribillo inquebrantable: «Porque es eterna su misericordia».,"- La misericordia (*Hesed*) como clave de la historia: Todo acontecimiento de la creación, del rescate de Egipto y de la marcha por el desierto tiene una única explicación: el amor eterno e inagotable de Dios.
- El juicio salvador: Dios hiere a los opresores y abate a reyes poderosos no por crueldad, sino para liberar a los pequeños indefensos.
- El Dios que alimenta a toda carne: La misericordia se hace concreta en el pan cotidiano para todo ser viviente.","Cristo se manifiesta como la Encarnación y Plenitud del amor entrañable del Padre, el Cordero pascual que rescata a los esclavos con brazo extendido.","Testimonio del hermano que repasa los hitos de su propia historia (sus caídas, liberaciones y desiertos) descubriendo que el hilo conductor siempre fue la infinita misericordia divina.","«Dad gracias a Yahvéh porque es bueno, porque es eterna su misericordia...»

Salmos (Sal 136,1): «Alabad a Yahvéh, porque él...»

«Al único que hace grandes maravillas, porque es eterna su misericordia...»

Salmos (Sal 136,4): «Al único que hace grandes...»

«Hirió a Egipto en sus primogénitos y sacó a Israel de en medio de ellos...»

Salmos (Sal 136,10-11): «Al que hirió a Egipto...»

«Con mano fuerte y brazo extendido, porque es eterna su misericordia...»

Salmos (Sal 136,12): «Con mano fuerte, y brazo...»

Lucas (Lc 1,50): «Y su misericordia es de...»","- Uso litúrgico: Vigilia Pascual, Eucaristía de la Cena del Señor (Jueves Santo) y celebraciones penitenciales de reconciliación.
- Carácter musical: Coral, letánico, con tono majestuoso y respuesta unánime de la asamblea.	"
Gritad jubilosos,Kiko Argüello,"Isaías 12,1-6","Cántico de júbilo y salvación tras la prueba: sacar aguas con gozo de las fuentes del Salvador, proclamar las hazañas divinas entre los pueblos y alegrarse en la grandeza del Santo de Israel.","- El cese de la cólera: Reconocimiento de que la ira de Dios se aplacó y se transformó en consuelo y auxilio para el pueblo.
- Las fuentes de la salvación: Sacar aguas con alegría de los manantiales divinos, prefiguración sacramental del Bautismo y del Espíritu Santo.
- El testimonio universal: Anunciar a los pueblos las proezas del Señor para que toda la tierra recuerde que su Nombre es excelso.",Cristo es el Manantial inagotable de agua viva que brota del templo y de cuyo costado mana la gracia salvadora que apaga la sed del mundo.,Testimonio de la asamblea que experimenta el paso de la aridez y la angustia a la consolación desbordante del Espíritu Santo.,"«Te doy gracias, Señor: estabas airado contra mí, pero se ha calmado tu ira y me has consolado...»

Isaías (Is 12,1): «En aquel día dirás: Cantaré...»

«El Señor es mi Dios y mi salvador; confiaré y no temeré...»

Isaías (Is 12,2): «He aquí Dios es salvación...»

Salmos (Sal 27,1): «Yahvéh es mi luz y...»

«Sacaréis aguas con gozo de las fuentes de la salvación...»

Isaías (Is 12,3): «Sacaréis con gozo aguas de...»

Juan (Jn 7,37-38): «Si alguno tiene sed, venga...»

«Gritad jubilosos, habitantes de Sión, que grande es en medio de ti el Santo de Israel...»

Isaías (Is 12,6): «Regocíjate y canta, oh moradora...»","- Uso litúrgico: Vigilia Pascual (tras la lectura del profeta Isaías), Adviento y celebraciones bautismales.
- Carácter musical: Festivo, brillante, exultante, rítmico y danzante.	"
"Hacia ti, morada Santa",Kiko Argüello,"Salmo 122 (121); Isaías 2,2-5; Jeremías 31,10-14","Canto procesional de peregrinación que convoca al pueblo de la Alianza a marchar alegremente hacia la Casa del Señor, la Jerusalén celestial construida en comunión y armonía.","- La Iglesia como ciudad compacta: Jerusalén edificada como ciudad bien unida donde suben las tribus del Señor a celebrar el Nombre de Dios.
- Peregrinación hacia la Casa del Padre: La vida cristiana concebida como un éxodo continuo hacia la morada santa y la Jerusalén de arriba.
- Deseo de paz (*Shalom*): Orar por la paz de Jerusalén, pidiendo la bienaventuranza y la seguridad para quienes la aman.",Cristo es el Santuario definitivo donde habita la plenitud de la divinidad y la Puerta santa por la que entramos a la presencia del Padre.,"Testimonio de la comunidad que se reúne en asamblea cada domingo, experimentando que congregarse en el amor de Dios derriba divisiones y llena la vida de paz.","«Hacia ti, morada santa; hacia ti, tierra del Salvador...»

Salmos (Sal 122,1): «Yo me alegré con los...»

«Peregrinos, caminantes, vamos hacia ti...»

Salmos (Sal 84,5): «Bienaventurados los que tienen en...»

Hebreos (Hb 11,13): «Confesando que eran extranjeros y...»

«Ya están pisando nuestros pies tus umbrales, Jerusalén...»

Salmos (Sal 122,2): «Nuestros pies estuvieron dentro de...»

«Jerusalén, construida como ciudad bien unida...»

Salmos (Sal 122,3): «Jerusalén, que se ha edificado...»

Apocalipsis (Ap 21,2): «Y yo Juan vi la...»","- Uso litúrgico: Canto de entrada procesional para la Eucaristía, peregrinaciones y celebraciones solemnes.
- Carácter musical: Procesional, entusiasta, solemne, de marcha litúrgica y comunitaria.	"
Hasta cuándo,Kiko Argüello,Salmo 13 (12),"Clamor insistente y doloroso del alma sumida en la tribulación prolongada, preguntando a Dios hasta cuándo permanecerá en el olvido, desembocando en la confianza plena en su amor.","- El combate de la espera: El sufrimiento que se prolonga en el tiempo y engendra el peligro de la desesperanza y la angustia en el alma.
- Ilumina mis ojos: Petición urgente de visión espiritual para no dormirse en el letargo fatal de la muerte o del pecado.
- El triunfo de la confianza: La queja amarga se transfigura en canto de victoria al apoyar el corazón en la misericordia inquebrantable de Dios.",Cristo es el Justo crucificado que padece la prueba del silencio en el Gólgota y entrega su espíritu con total abandono filial en manos del Padre.,"Testimonio de quien atraviesa largas temporadas de enfermedad o sequedad y aprende a gritar a Dios, comprobando que el Señor jamás olvida a sus elegidos.","«¿Hasta cuándo, Señor, me olvidarás para siempre? ¿Hasta cuándo me ocultarás tu rostro?...»

Salmos (Sal 13,1): «¿Hasta cuándo, Yahvéh? ¿Me...»

«¿Hasta cuándo tendré congojas en mi alma y tristeza en mi corazón todo el día?...»

Salmos (Sal 13,2): «¿Hasta cuándo pondré consejos...»

«Mira, respóndeme, Señor Dios mío; da luz a mis ojos, no me duerma en la muerte...»

Salmos (Sal 13,3): «Mira, respóndeme, oh Yahvéh...»

«Pero yo confío en tu misericordia; mi corazón se alegrará en tu salvación...»

Salmos (Sal 13,5): «Mas yo en tu misericordia...»

Habacuc (Hab 1,2): «¿Hasta cuándo, oh Yahvéh, clamaré...»","- Uso litúrgico: Celebraciones penitenciales, vigilias de oración, tiempo de Cuaresma y Laudes.
- Carácter musical: Desgarrador, quejumbroso, orante y con resolución de serena confianza al final.	"
He aquí mi siervo,Kiko Argüello,"Isaías 42,1-9 (Primer Cántico del Siervo de Yahvéh)","Presentación solemne del Siervo amado en quien Dios se complace: el Mesías lleno del Espíritu que no grita ni quiebra la caña cascada, sino que instaura la verdadera justicia en la tierra.","- La mansedumbre mesiánica: No vocifera por las calles ni impone su reino con violencia; no apaga la mecha humeante ni quiebra la caña herida.
- Justicia para las naciones: El Siervo trae el derecho de Dios con fidelidad insobornable, sin desmayar ante el fracaso exterior.
- Alianza del pueblo y luz de los gentiles: Misión de abrir los ojos a los ciegos y sacar a los prisioneros de las mazmorras del pecado.","Cristo se manifiesta como el Siervo humilde y manso de corazón sobre quien desciende el Espíritu en el Jordán, enviado a sanar la debilidad humana.","Testimonio del creyente frágil que comprueba cómo Cristo no lo descartó en su bajeza y pecado (la mecha que humeaba), sino que reavivó su llama con amor.","«He aquí mi siervo, a quien sostengo; mi elegido, en quien se complace mi alma...»

Isaías (Is 42,1): «He aquí mi siervo, yo...»

Mateo (Mt 12,18): «He aquí mi siervo, a...»

«No gritará, no alzará su voz, ni la hará oír en las calles...»

Isaías (Is 42,2): «No clamará, ni alzará, ni...»

«No quebrará la caña cascada, ni apagará la mecha que humea...»

Isaías (Is 42,3): «No quebrará la caña cascada...»

Mateo (Mt 12,20): «La caña cascada no quebrará...»

«Yo, el Señor, te he llamado en justicia; te he tomado de la mano...»

Isaías (Is 42,6): «Yo Yahvéh te he llamado...»","- Uso litúrgico: Fiesta del Bautismo del Señor, tiempo de Adviento, Semana Santa (Lunes Santo) y escrutinios.
- Carácter musical: Solemne, sosegado, orante, con gravedad profética y ternura divina.	"
He aquí que nuestro espejo es el Señor,Kiko Argüello,Odas de Salomón (Oda 13),"Poema místico de la primitiva Iglesia que contempla al Señor como el espejo límpido en el cual el hombre mira su propio rostro, se limpia de toda mancha y aprende a cantar alabanzas.","- El espejo de la verdad: Mirarse en Cristo revela la verdadera identidad del hombre creado a imagen de Dios y desenmascara la fealdad del pecado.
- Purificación del alma: Limpiar el rostro y enjugar las lágrimas para reflejar con pureza la santidad y bondad divinas.
- La alabanza sin reproche: Quien contempla la hermosura del Señor se reviste de su Espíritu y aprende a glorificar al Padre sin mancha.",Cristo se manifiesta como el Espejo sin mancha de la majestad del Padre y el Hombre Nuevo en quien somos renovados y purificados de toda impureza.,Testimonio del pecador que deja de mirarse a sí mismo en los espejos engañosos del mundo y descubre en el amor de Cristo su verdadera dignidad de hijo de Dios.,"«He aquí que nuestro espejo es el Señor: abrid los ojos y mirad en él...»

2 Corintios (2Co 3,18): «Por tanto, nosotros todos, mirando...»

«Limpiad las manchas de vuestro rostro y aprended su alabanza...»

Santiago (Stg 1,23-24): «Porque si alguno es oidor...»

«Y seréis sin mancha ante su presencia en todo tiempo...»

Efesios (Ef 1,4): «Para que fuésemos santos y...»

Salmos (Sal 34,5): «Los que miraron a él...»

1 Juan (1Jn 3,2): «Le veremos tal como él...»","- Uso litúrgico: Celebraciones penitenciales, pasos de renovación bautismal y comunión en Pascua.
- Carácter musical: Íntimo, místico, poético, sereno y contemplativo.	"
He aquí que vengo presto,Kiko Argüello,"Apocalipsis 22,12-17.20","El grito escatológico final de la Sagrada Escritura: el Señor que viene sin tardanza con su galardón, y el diálogo anhelante entre el Espíritu, la Esposa y el Cordero: «¡Ven, Señor Jesús!».","- La parusía inminente: Cristo anuncia su retorno glorioso para juzgar a vivos y muertos y retribuir a cada uno según sus obras.
- El Alfa y la Omega: Jesucristo como principio y consumación de la historia humana, el Primero y el Último.
- La sed del que escucha: Invitación universal a quien tenga sed a venir a tomar gratuitamente del agua de la vida.
- El clamor nupcial: La Iglesia animada por el Espíritu Santo suplica al Esposo: «¡Amén! ¡Ven, Señor Jesús!» (*Marana tha*).","Cristo se manifiesta como el Rey Escatológico, la Raíz y Linaje de David, la Estrella resplandeciente de la mañana que vuelve victorioso.","Testimonio de la Iglesia peregrina que vive vigilante en medio del mundo, esperando el retorno definitivo de su Esposo y Señor.","«He aquí que vengo presto, y mi galardón conmigo, para recompensar a cada uno según sus obras...»

Apocalipsis (Ap 22,12): «He aquí yo vengo pronto...»

«Yo soy el Alfa y la Omega, el principio y el fin, el primero y el último...»

Apocalipsis (Ap 22,13): «Yo soy el Alfa y...»

«El Espíritu y la Esposa dicen: ¡Ven! Y el que oye, diga: ¡Ven!...»

Apocalipsis (Ap 22,17): «Y el Espíritu y la...»

«El que da testimonio de estas cosas dice: Ciertamente vengo en breve. ¡Amén! ¡Ven, Señor Jesús!...»

Apocalipsis (Ap 22,20): «El que da testimonio de...»

1 Corintios (1Co 16,22): «El Señor viene...»","- Uso litúrgico: Tiempo de Adviento, última semana del Año Litúrgico, Vigilia Pascual y celebraciones escatológicas.
- Carácter musical: Ardiente, vehemente, solemne y con viva expectación celestial.	"
He esperado en el Señor,Kiko Argüello,"Salmo 40 (39),2-6.8-10","Acción de gracias del creyente rescatado del pozo de la miseria: Dios afirmó sus pasos sobre roca, puso en su boca un cántico nuevo e hizo comprender que el verdadero sacrificio es cumplir su voluntad.","- El rescate de la fosa fatal: Dios se inclina, escucha el clamor angustiado y saca al hombre del lodo cenagoso del pecado.
- El cántico nuevo: Testimonio público de alabanza que despierta el asombro y el temor reverente de muchos hacia Dios.
- La obediencia filial (*Akedá*): Dios no quiere holocaustos ni sacrificios rituales exteriores; ha abierto el oído para decir: «Aquí estoy, Dios mío, para hacer tu voluntad».
- La proclamación en la gran asamblea: No ocultar la fidelidad y la salvación de Dios en el secreto del corazón, sino dar testimonio público ante los hermanos.","Cristo se manifiesta como el Justo rescatado de la fosa de la muerte que entra en el mundo diciendo: «He aquí que vengo para hacer tu voluntad» (Hebreos 10,7).","Testimonio del hombre que estuvo hundido en la perdición y da fe ante la comunidad de cómo Dios lo sacó de la desesperación, dándole estabilidad y una vida nueva.","«He esperado en el Señor con paciencia; él se inclinó a mí y escuchó mi clamor...»

Salmos (Sal 40,1): «Pacientemente esperé a Yahvéh, y...»

«Me sacó de la fosa fatal, de la charca cenagosa; asentó mis pies sobre roca...»

Salmos (Sal 40,2): «Y me hizo sacar del...»

«Puso en mi boca un cántico nuevo, un himno a nuestro Dios...»

Salmos (Sal 40,3): «Puso luego en mi boca...»

«No quisiste sacrificios ni ofrendas, pero me has abierto el oído; entonces dije: He aquí que vengo...»

Salmos (Sal 40,6-7): «Sacrificio y ofrenda no te...»

Hebreos (Hb 10,5-7): «Por lo cual, entrando en...»","- Uso litúrgico: Celebraciones comunitarias de acción de gracias, Cuaresma, profesión de votos y ordenaciones.
- Carácter musical: Solemne, confiado, narrativo y con júbilo testimonial progresivo.	"
"Hermosa eres, amiga mía",Kiko Argüello,"Cantar de los Cantares 6,4-10; 4,1-7","El elogio deslumbrante del Esposo ante la belleza incorruptible de la Esposa, describiéndola hermosa como Tirsa, fascinante como Jerusalén e imponente como ejércitos en orden de batalla.","- La belleza de la Iglesia redimida: Purificada de toda arruga y mancha por la sangre de Cristo, la Iglesia resplandece ante los ojos de su Creador.
- La Única del Esposo: «Una sola es mi paloma, mi perfecta; la preferida de la que la engendró»; elección singular e irrevocable de la comunidad creyente.
- El asombro ante la Esposa: ¿Quién es esta que surge como la aurora, bella como la luna, resplandeciente como el sol y temible como ejército abanderado?",Cristo se manifiesta como el Esposo amante cuyo corazón queda cautivado por la fe y la humildad de su Iglesia.,"Testimonio del cristiano que descubre que, a pesar de sus debilidades, es profundamente amado y embellecido por la gracia de Jesucristo.","«Hermosa eres, amiga mía, como Tirsa; encantadora como Jerusalén...»

Cantares (Ct 6,4): «Hermosa eres tú, oh amiga...»

«Una sola es mi paloma, mi perfecta; única de su madre, preferida de quien la engendró...»

Cantares (Ct 6,9): «Una es la paloma mía...»

«¿Quién es esta que surge como la aurora, hermosa como la luna, radiante como el sol?...»

Cantares (Ct 6,10): «¿Quién es esta que se...»

«Imponente como un ejército en orden de batalla...»

Cantares (Ct 6,10b): «Imponente como ejércitos en orden...»

Efesios (Ef 5,27): «A fin de presentársela a...»","- Uso litúrgico: Fiestas de la Virgen María, bodas comunitarias, tiempo pascual y vigilias contemplativas.
- Carácter musical: Lírico, poético, apasionado, solemne y con majestad nupcial.	"
Hijas de Jerusalén,Kiko Argüello,"Lucas 23,27-31","Llamada profética en la Vía Dolorosa: Jesús, camino del Calvario, exhorta a las mujeres piadosas a no llorar por Él, sino por ellas mismas y por sus hijos, ante el juicio que se avecina sobre el leño verde y el seco.","- La verdadera conversión ante la Pasión: El llanto estéril o sentimental sobre los padecimientos de Cristo no basta; se requiere una conversión radical del propio corazón y del pecado.
- El leño verde y el leño seco: Si con el inocente y lleno de vida divina (el leño verde) se hace esto en el sufrimiento, ¿qué ocurrirá con el culpable endurecido por el pecado (el leño seco)?
- La urgencia escatológica: Advertencia sobre los días en que se dirá: «Dichosas las estériles», invitando a acoger la gracia antes de que sobrevenga la angustia.","Cristo se manifiesta como el Justo y Profeta sufriente que, aun cargando con el peso del madero, olvida su propio dolor para velar paternalmente por la salvación de los hombres.","Testimonio del cristiano que contempla la Cruz no con lástima humana, sino con dolor sincero por sus propias culpas, experimentando el temor santo de Dios que conduce a una vida nueva.","«Hijas de Jerusalén, no lloréis por mí; llorad por vosotras y por vuestros hijos...»

Lucas (Lc 23,28): «Pero Jesús, vuelto hacia...»

«Porque vendrán días en que dirán: Dichosas las estériles...»

Lucas (Lc 23,29): «Porque he aquí vendrán...»

«Entonces empezarán a decir a los montes: Caed sobre nosotros...»

Lucas (Lc 23,30): «Entonces comenzarán a decir...»

Oseas (Os 10,8): «Y dirán a los...»

«Porque si en el leño verde hacen esto, en el seco, ¿qué se hará?...»

Lucas (Lc 23,31): «Porque si en el...»

1 Pedro (1P 4,17-18): «Porque es tiempo de...»","- Uso litúrgico: Estación de la Vía Dolorosa (Vía Crucis), celebraciones penitenciales de Cuaresma y Viernes Santo.
- Carácter musical: Grave, severo, quejumbroso, procesional y con solemne fuerza profética.	"
Himno a Cristo luz,Kiko Argüello,"Tradición litúrgica paleocristiana (cf. Phos Hilaron); Efesios 5,14; Juan 1,4-9","Himno matutino y vespertino de glorificación a Cristo, Luz beatísima y sin ocaso que disipa las tinieblas de la muerte y llena el universo de claridad pascual.","- La luz divina inaccesible: Cristo es el resplandor de la gloria del Padre, luz nacida de la verdadera Luz para iluminar la ceguera del mundo.
- Victoria sobre la tiniebla: La luz de Cristo no es un concepto intelectual, sino un poder viviente que destruye el reino del maligno y rescata al hombre del abismo.
- Iluminación bautismal: Los bautizados, llamados de las tinieblas a su luz admirable, caminan como hijos de la aurora.","Cristo se manifiesta como el Sol de Justicia, el Lucero que no conoce ocaso y la Luz verdadera que alumbra a todo hombre que viene a este mundo.","Testimonio de la asamblea que en medio de las oscuridades morales o existenciales experimenta la claridad consoladora de Cristo, recobrando la esperanza y la paz.","«Oh Cristo, luz gozosa de la santa gloria del Padre...»

Juan (Jn 1,9): «Aquella luz verdadera, que...»

«En ti estaba la vida, y la vida era la luz de los hombres...»

Juan (Jn 1,4): «En él estaba la...»

«La luz resplandece en las tinieblas, y las tinieblas no prevalecieron contra ella...»

Juan (Jn 1,5): «La luz en las...»

«Te alabamos en el atardecer y en la mañana...»

Salmos (Sal 113,3): «Desde el nacimiento del...»

1 Pedro (1P 2,9): «Que os llamó de...»","- Uso litúrgico: Rito del Lucernario en Vísperas, Vigilia Pascual, Laudes solemnes y bautismos.
- Carácter musical: Luminoso, sereno, contemplativo, solemne y con elevación espiritual.	"
Himno a la caridad,Kiko Argüello,"1 Corintios 13,1-13","La proclamación del camino más excelente: sin caridad las lenguas angélicas son campana que retiñe, el conocimiento nada vale y el martirio no aprovecha; la caridad de Dios es eterna y mayor que la fe y la esperanza.","- Primacía absoluta del amor: La praxis religiosa, los carismas espectaculares y aun la entrega de los bienes son vanos si no brotan del amor divino.
- El amor como naturaleza divina: La caridad divina derramada en nosotros no busca su interés, no se irrita y vence el pecado no devolviendo mal por mal.
- La plenitud escatológica: Las profecías desaparecerán y las lenguas cesarán; al final de la historia humana sólo el amor subsistirá en la visión cara a cara.","Cristo se manifiesta como el Amor supremo y la Caridad en persona, que entregó su vida sin reservas y permanece vivo como fuente inagotable de comunión.",Testimonio de la comunidad cristiana que descubre su propia incapacidad de amar con fuerzas naturales y suplica a Dios recibir el don del amor sobrenatural para perdonar.,"«Aunque yo hablara todas las lenguas de los hombres y de los ángeles, si no tengo amor...»

1 Corintios (1Co 13,1): «Si yo hablase lenguas...»

«Aunque tuviera el don de profecía y conociera todos los misterios... nada soy...»

1 Corintios (1Co 13,2): «Y si tuviese profecía...»

«Ahora permanecen estas tres virtudes: la fe, la esperanza y el amor; pero la mayor es el amor...»

1 Corintios (1Co 13,13): «Y ahora permanecen la...»

Colosenses (Col 3,14): «Y sobre todas estas...»

1 Juan (1Jn 4,16): «Dios es amor; y...»","- Uso litúrgico: Celebraciones del Sacramento del Matrimonio, escrutinios de iniciación cristiana, pasos comunitarios y Eucaristías festivas.
- Carácter musical: Lírico, cálido, reposado, solemne y con profunda belleza poética.	"
Himno a la Cruz gloriosa,Kiko Argüello,Tradición litúrgica de la Invención y Exaltación de la Santa Cruz (cf. Venancio Fortunato),"La contemplación de la Cruz transfigurada: ya no patíbulo de maldición o derrota, sino árbol glorioso de vida, cetro real de victoria y lecho nupcial donde Cristo redimió al mundo.","- La transfiguración del madero: El madero del árbol de la caída en el Edén es vencido por el madero de la Cruz en el Calvario.
- Cetro y trono del Rey: Cristo reina desde el madero (*Regnavit a ligno Deus*); su corona es de espinas y su trono es la entrega voluntaria.
- El abrazo universal de salvación: Los brazos extendidos de Jesús en la cruz abarcan el cosmos entero, reconciliando lo terreno con lo celestial.","Cristo se manifiesta como el Rey Glorioso crucificado, el Esposo que desposa a su Iglesia desde el leño y el Vencedor invicto sobre el pecado y el infierno.","Testimonio del creyente que aprende a no huir de su cruz cotidiana, descubriendo que abrazarla en comunión con Cristo engendra vida resucitada y salvación.","«Árbol único en nobleza, dulce leño, dulces clavos que sostuvieron tan dulce peso...»

Gálatas (Ga 6,14): «Pero lejos esté de...»

«Brilla la cruz gloriosa donde la vida venció a la muerte...»

1 Corintios (1Co 1,18): «Porque la palabra de...»

Colosenses (Col 2,14): «Anulando el acta de...»

«Reina Dios desde el madero...»

Salmos (Sal 96,10): «Decid entre las naciones...»

Juan (Jn 12,32): «Y yo, si fuere...»

Filipenses (Flp 2,8): «Se humilló a sí...»","- Uso litúrgico: Adoración de la Santa Cruz el Viernes Santo, fiesta de la Exaltación de la Santa Cruz (14 de septiembre) y Cuaresma.
- Carácter musical: Solemne, procesional, con aire litúrgico majestuoso y profunda unción orante.	"
Himno a la kenosis,Kiko Argüello,"Filipenses 2,6-11","El gran cántico cristológico del Nuevo Testamento: Cristo, existiendo en la forma de Dios, no retuvo con avidez su igualdad con Dios, sino que se anonadó hasta la muerte de cruz, por lo cual el Padre lo exaltó soberanamente sobre todo Nombre.","- El anonadamiento voluntario (*Kénosis*): Dios baja a nuestra bajeza; se despoja de su gloria celeste para asumir la condición de esclavo y siervo.
- La obediencia hasta el extremo: Obediente hasta la muerte, y una muerte ignominiosa de cruz, reparando la desobediencia soberbia de Adán.
- La exaltación cósmica: Dios le otorgó el Nombre sobre todo nombre para que al nombre de Jesús toda rodilla se doble en el cielo, en la tierra y en el abismo.","Cristo se manifiesta como el Señor (*Kyrios*) absoluto, el Siervo humillado y ensalzado a la diestra del Padre para gloria de Dios Padre.","Testimonio del cristiano invitado a no buscar honores ni prestigio mundano, comprendiendo que el único camino hacia la resurrección pasa por la humillación y el servicio a los hermanos.","«Cristo, a pesar de su condición divina, no hizo alarde de su categoría de Dios...»

Filipenses (Flp 2,6): «El cual, siendo en...»

«Al contrario, se despojó de su rango y tomó la condición de esclavo...»

Filipenses (Flp 2,7): «Sino que se despojó...»

«Se rebajó a sí mismo, obedeciendo hasta la muerte, y una muerte de cruz...»

Filipenses (Flp 2,8): «Y estando en la...»

«Por eso Dios lo levantó sobre todo y le concedió el Nombre-sobre-todo-nombre...»

Filipenses (Flp 2,9): «Por lo cual Dios...»

«Para que al nombre de Jesús toda rodilla se doble... y toda lengua proclame: ¡Jesucristo es Señor!...»

Filipenses (Flp 2,10-11): «Para que en el...»

Isaías (Is 45,23): «Que a mí se...»","- Uso litúrgico: Semana Santa (Domingo de Ramos, Jueves y Viernes Santo), Vísperas solemnes y ritos de entrega del Padre Nuestro.
- Carácter musical: Majestuoso, solemne, reflexivo, con arranque grave y culminación triunfal.	"
Himno de Adviento,Kiko Argüello,"Liturgia de Adviento (cf. Rorate Caeli); Isaías 45,8; Romanos 13,11-12","El anhelo universal de la salvación en la víspera de la Encarnación: cielos, destilad el rocío de lo alto; ábrase la tierra y germine el Salvador, mientras el centinela anuncia el fin de la noche.","- La súplica del rocío celeste: El clamor de la humanidad marchita que pide la lluvia fecunda de la gracia divina sobre su aridez moral.
- La tierra que se abre: La Virgen y la humanidad que acogen en su seno al Salvador brotado de la promesa.
- La vigilia y el despertar: La noche del pecado está avanzada; el alba mesiánica se aproxima invitando a revestirse de las armas de la luz.","Cristo se manifiesta como el Salvador prometido, el Rocío que desciende de los cielos y el Justo que brota de la tierra virgen para renovar la creación.","Testimonio de la Iglesia que vigila en oración sin dejarse adormecer por las ilusiones del mundo, aguardando con santa impaciencia la llegada de su Redentor.","«Cielos, lloved vuestro rocío; nubes, derramad al Justo...»

Isaías (Is 45,8): «Rociad, cielos, de arriba...»

«Ábrase la tierra y brote la salvación...»

Isaías (Is 45,8b): «Ábrase la tierra, y...»

«La noche está muy avanzada, el día se acerca...»

Romanos (Ro 13,12): «La noche está avanzada...»

«Despierta, tú que duermes, que llega el Señor...»

Efesios (Ef 5,14): «Despiértate, tú que duermes...»

Salmos (Sal 85,11): «La verdad brotará de...»","- Uso litúrgico: Tiempo de Adviento, Laudes, Vísperas y misas de preparación a la Navidad.
- Carácter musical: Contemplativo, orante, solemne, anhelante y de respiración amplia.	"
Himno de la Ascensión,Kiko Argüello,"Hechos 1,9-11; Salmo 47 (46); Efesios 4,8-10","La exaltación gloriosa de Cristo al cielo en presencia de sus discípulos: el Señor sube entre aclamaciones al son de trompetas, llevando cautiva la cautividad e intercediendo a la derecha del Padre.","- La glorificación de la carne humana: Al subir Cristo al cielo, nuestra propia humanidad redimida entra para siempre en el seno de la Trinidad.
- Señorío universal: Dios asciende entre júbilo; los pueblos baten palmas porque el Señor es Rey soberano de toda la tierra.
- La promesa del retorno: Los ángeles aseguran que este mismo Jesús que subió al cielo volverá con poder y gran gloria.","Cristo se manifiesta como el Rey Celestial vencedor de la muerte, que sube a lo alto para enviar el Espíritu Santo y preparar un lugar a los suyos.","Testimonio de la comunidad que no se queda mirando nostálgica al cielo, sino que parte con valentía a anunciar el Evangelio con la certeza de que Cristo reina.","«Sube Dios entre aclamaciones, el Señor al son de trompetas...»

Salmos (Sal 47,5): «Subió Dios con júbilo...»

«Galileos, ¿qué hacéis ahí mirando al cielo?...»

Hechos (Hch 1,11): «Los cuales también les...»

«Este mismo Jesús que ha sido llevado al cielo, volverá de la misma manera...»

Hechos (Hch 1,11b): «Este mismo Jesús, que...»

«Subiendo a lo alto, llevó cautiva la cautividad y dio dones a los hombres...»

Efesios (Ef 4,8): «Por lo cual dice...»

Marcos (Mc 16,19): «Y el Señor, después...»","- Uso litúrgico: Solemnidad de la Ascensión del Señor, Tiempo Pascual y Laudes festivos.
- Carácter musical: Triunfal, jubiloso, procesional, enérgico y con aclamación sonora.	"
Himno de Pascua,Kiko Argüello,"Liturgia Pascual; Secuencia Victimae Paschali Laudes; 1 Corintios 15,54-57","El himno triunfal del combate entre la muerte y la vida: la Víctima pascual reconcilia a los pecadores con el Padre, la muerte ha sido devorada y Cristo vive victorioso.","- El duelo cósmico (*Mors et vita duello*): La muerte y la vida se enfrentaron en un combate admirable; el Rey de la vida murió, mas reina vivo.
- El testimonio de María Magdalena: Vio el sepulcro de Cristo viviente, los lienzos doblados y los ángeles que atestiguan que el Señor ha resucitado.
- La primicia de los que duermen: Si Cristo resucitó de entre los muertos, la muerte ya no tiene dominio sobre el creyente; su victoria es nuestra victoria.","Cristo es el Rey Victorioso y la Víctima Pascual que rompe las ataduras del sepulcro, reconciliando a la creación entera con el Creador.","Testimonio exultante de la asamblea en la noche santa de la Pascua, que canta con lágrimas de consuelo sabiendo que el miedo a la muerte ha sido destruido.","«A la Víctima pascual ofrezcan alabanzas los cristianos...»

1 Corintios (1Co 5,7): «Nuestra pascua, que es...»

«Muerte y vida se batieron en un duelo admirable: el Rey de la vida murió, mas reina vivo...»

1 Corintios (1Co 15,54): «Sorbida es la muerte...»

«¿Qué has visto de camino, María, en la mañana?...»

Juan (Jn 20,14-16): «Y habiendo dicho esto...»

«¡Sabemos que Cristo ha resucitado verdaderamente de entre los muertos!...»

Lucas (Lc 24,34): «Ha resucitado el Señor...»

Romanos (Ro 6,9): «Sabiendo que Cristo, habiendo...»","- Uso litúrgico: Vigilia Pascual, Domingo de Resurrección, Octava de Pascua y Tiempo Pascual.
- Carácter musical: Exultante, majestuoso, danzante, triunfal y coral.	"
"Huye, amado mío",Kiko Argüello,"Cantar de los Cantares 8,14; 2,17",La invocación final del Cantar de los Cantares: la Esposa invita al Amado a ser semejante a la gacela o al cervatillo y a correr sobre los montes de los aromas hasta que apunte el día eterno.,"- La tensión escatológica del amor: La Iglesia no retiene egoístamente a Cristo en un consuelo puramente terrenal; lo invita a manifestar su agilidad divina sobre las montañas.
- Los montes de los aromas: Los montes representan las pruebas, las oraciones santas y el perfume de las virtudes de los justos.
- La espera del amanecer sin fin: Anhelo del creyente de que huyan definitivamente las sombras del pecado y despunte el día eterno de la Alianza nupcial.",Cristo se manifiesta como el Ciervo veloz y el Esposo escurridizo que cruza con poder sobre las colinas del mundo para venir al encuentro de su amada.,"Testimonio del alma que aprende a caminar en fe y esperanza viva, esperando la aurora de la resurrección en medio de las dificultades del tiempo presente.","«Huye, amado mío; sé semejante al corzo o al cervatillo sobre las montañas de los aromas...»

Cantares (Ct 8,14): «Apresúrate, amado mío, y...»

«Hasta que apunte el día y huyan las sombras...»

Cantares (Ct 2,17): «Hasta que apunte el...»

«Sobre los montes de Bether salta, amado mío...»

Cantares (Ct 2,9): «Mi amado es semejante...»

Apocalipsis (Ap 22,20): «¡Amén! Sí, ven, Señor...»

2 Pedro (1P 1,19): «Hasta que el día...»","- Uso litúrgico: Vigilias de oración contemplativa, pasos del camino sobre la oración y comunión pascual.
- Carácter musical: Poético, lírico, alado, íntimo y de gran sutileza mística.	"
Id y anunciad a mis hermanos,Kiko Argüello,"Mateo 28,1-10","El mandato pascual de Jesús Resucitado a las santas mujeres: no temáis, corred a anunciar a mis hermanos que vayan a Galilea, porque allí me verán.","- Las mujeres, apóstoles de los apóstoles: El primer anuncio de la Resurrección es confiado a las discípulas fieles que no temieron acudir al sepulcro.
- «Mis hermanos»: Tras la Resurrección, Jesús no llama a sus discípulos siervos ni amigos, sino hermanos, sellando la nueva filiación divina.
- La vuelta a Galilea: Retorno al lugar del primer amor, de la primera llamada y de la vida cotidiana para contemplar allí al Resucitado.","Cristo se manifiesta como el Señor Resucitado que sale al encuentro de los suyos, disipa el miedo con su saludo de paz y los envía en misión universal.","Testimonio del creyente que, habiendo encontrado a Cristo vivo en su propia Galilea (su historia concreta), se siente impulsado a anunciar la victoria pascual sin miedo.","«No tengáis miedo; id y anunciad a mis hermanos que vayan a Galilea...»

Mateo (Mt 28,10): «Entonces Jesús les dijo...»

«Allí me verán, allí me contemplarán...»

Mateo (Mt 28,10b): «Y allí me verán...»

Mateo (Mt 28,7): «E id pronto y...»

«Y ellas salieron a toda prisa del sepulcro, con temor y gran alegría...»

Mateo (Mt 28,8): «Entonces ellas, saliendo del...»

Juan (Jn 20,17): «Ve a mis hermanos...»

Hebreos (Hb 2,11): «No se avergüenza de...»","- Uso litúrgico: Vigilia Pascual, Domingo de Resurrección, Eucaristías de Pascua y envíos evangelizadores.
- Carácter musical: Alegre, vivo, rítmico, danzante y testimonial.	"
Improperios,Kiko Argüello,"Miqueas 6,3-4; Liturgia del Viernes Santo (Improperia)","El lamento conmovedor de Dios a su pueblo en el Viernes Santo: «Pueblo mío, ¿qué te he hecho, en qué te he ofendido? Respóndeme», contrastando los beneficios del Éxodo con los tormentos infligidos al Redentor.","- La ingratitud del corazón humano: Dios responde con beneficios infinitos y el hombre responde con desamor, azotes y cruz.
- El contraste profético: Yo te saqué de Egipto y tú me preparas una cruz; yo te di a beber agua de la roca y tú me das a beber hiel y vinagre.
- El Trisagio sagrado: Invocación solemne en medio del llanto divino: «¡Santo Dios, Santo Fuerte, Santo Inmortal, ten piedad de nosotros!» (*Hagios ho Theos*).",Cristo se manifiesta como el Esposo herido y el Salvador inocente que expone con ternura el dolor de su amor despreciado sin condenar al verdugo.,"Testimonio del pecador que se reconoce artífice de los padecimientos de Cristo por sus propias infidelidades, cayendo de rodillas ante la gratuidad de su perdón.","«Pueblo mío, ¿qué te he hecho? ¿En qué te he molestado? Respóndeme...»

Miqueas (Mi 6,3): «Pueblo mío, ¿qué te...»

Jeremías (Jr 2,5): «¿Qué maldad hallaron en...»

«Yo te saqué de Egipto y tú me preparaste una cruz...»

Miqueas (Mi 6,4): «Porque yo te hice...»

«Yo te di a beber agua de la roca y tú me diste hiel y vinagre...»

Salmos (Sal 69,21): «Me pusieron además hiel...»

Juan (Jn 19,29): «Y ellos empaparon en...»

«¡Santo Dios, Santo Fuerte, Santo Inmortal!...»

Isaías (Is 6,3): «Santo, santo, santo, Yahvéh...»","- Uso litúrgico: Adoración de la Santa Cruz en la liturgia del Viernes Santo y vía crucis cuaresmales.
- Carácter musical: Severo, desgarrador, quejumbroso, orante y de profunda gravedad litúrgica.	"
Invocación al espiritu Santo,Kiko Argüello,"Secuencia de Pentecostés (Veni Sancte Spiritus); Romanos 8,26","Súplica ardiente a la Tercera Persona de la Trinidad: ven, Padre de los pobres, luz de los corazones y dulce huésped del alma, para sanar lo herido, regar lo árido y encender el fuego divino.","- El Consolador soberano: El Espíritu Santo como abogado defensor que gime en nosotros con gemidos inefables cuando no sabemos orar.
- Fuerza transformadora: Sana los corazones enfermos, dobla la rigidez del orgullo, calienta la frialdad espiritual y endereza lo extraviado.
- Don séptuplo: Fuente de los siete dones santos que enriquecen y guían a la Iglesia a la plenitud.",Cristo se manifiesta como Aquel que cumple su promesa enviando desde el seno del Padre el Espíritu Consolador sobre su Iglesia.,"Testimonio del creyente cansado o paralizado por el miedo, que al invocar al Espíritu Santo experimenta una fuerza sobrenatural para levantarse y amar.","«Ven, Espíritu Santo, envía desde el cielo un rayo de tu luz...»

Salmos (Sal 104,30): «Envías tu Espíritu, son...»

«Ven, padre de los pobres; ven, dador de los dones; ven, luz de los corazones...»

Lucas (Lc 11,13): «¿Cuánto más vuestro Padre...»

«Riega la tierra en sequía, sana el corazón enfermo...»

Ezequiel (Ez 36,26-27): «Y os daré corazón...»

«Doblega la soberbia, calienta la frialdad, endereza lo desviado...»

Romanos (Ro 8,26): «El Espíritu nos ayuda...»

Juan (Jn 14,26): «Mas el Consolador, el...»","- Uso litúrgico: Solemnidad de Pentecostés, vigilias de oración, inicio de convivencias y preparación a la liturgia de la Palabra.
- Carácter musical: Orante, cálido, suplicante, sereno y con honda respiración mística.	"
Jacob,Kiko Argüello,"Génesis 32,23-33 (El combate en el vado de Yaboq)","El misterio del combate nocturno de Jacob con el Ángel de Dios en el vado de Yaboq: el hombre herido en la articulación del muslo que no suelta a Dios hasta recibir su bendición, saliendo cojo pero convertido en Israel.","- La noche de la verdad: Jacob despojado de sus riquezas y solo en la noche se enfrenta cara a cara con su destino y con Dios.
- La herida salvífica: Para que el hombre deje de apoyarse en sus astucias carnales, Dios le toca la articulación del fémur; la debilidad física cura la soberbia del alma.
- El cambio de nombre: De «Jacob» (el suplantador, el tramposo) a «Israel» (el que combate con Dios y los hombres y prevalece por la fe).
- La bendición de la aurora: El sol despunta sobre el patriarca cojo que camina fiado únicamente en la bendición divina.",Cristo es el Ángel de Yahvéh y el Rostro de Dios (*Peniel*) que combate con nosotros en nuestras crisis para despojarnos de la soberbia y bendecirnos con la vida nueva.,"Testimonio del creyente que ha querido dirigir su vida con astucias y planes personales, y da fe de cómo una prueba o enfermedad lo dejó «cojo», pero lleno de la gracia de Dios.","«Jacob se quedó solo; y luchó con él un varón hasta rayar el alba...»

Génesis (Gn 32,24): «Así se quedó Jacob...»

«No te soltaré si no me bendices...»

Génesis (Gn 32,26): «No te dejaré, si...»

«No se dirá más tu nombre Jacob, sino Israel...»

Génesis (Gn 32,28): «Y el varón le...»

«Llamó Jacob el nombre de aquel lugar Peniel, porque dijo: Vi a Dios cara a cara...»

Génesis (Gn 32,30): «Y llamó Jacob el...»

2 Corintios (2Co 12,9): «Mi poder se perfecciona...»","- Uso litúrgico: Celebraciones de escrutinios (combate de la fe), convivencias de conversión y vigilias bíblicas.
- Carácter musical: Dramático, misterioso, con ritmo sincopado y creciente intensidad épica.	"
Jerusalén reconstruida,Kiko Argüello,"Tobías 13,11-18; Apocalipsis 21,10-21","Himno profético de Tobías sobre la reconstrucción gloriosa de la Ciudad Santa: edificada con zafiros y piedras preciosas, convertida en morada luminosa donde todas las naciones acudirán con ofrendas.","- La gloria de la nueva Sión: Reconstrucción no con materiales corruptibles, sino con la santidad de los mártires y justos purificados en el crisol.
- La peregrinación de las naciones: Las gentes vendrán de lejos con regalos para el Rey de los cielos, atraídas por el resplandor de la comunidad.
- La dicha de los pacíficos: «Dichosos los que te aman, se alegrarán de tu paz»; consuelo eterno tras las aflicciones del destierro.",Cristo se manifiesta como el Arquitecto divino y la Piedra viva angular sobre la cual se levanta la Nueva Jerusalén celestial.,"Testimonio de la comunidad que experimenta cómo Dios reconstruye matrimonios rotos y vidas destrozadas, embelleciéndolas con el perdón mutuo y la alegría del Espíritu.","«Jerusalén será reedificada con zafiros y esmeraldas...»

Tobías (Tb 13,16): «Porque Jerusalén será edificada...»

Apocalipsis (Ap 21,19): «Y los cimientos del...»

«Una luz brillante resplandecerá en todas las regiones de la tierra...»

Tobías (Tb 13,11): «Brillante luz brillará en...»

«Muchos pueblos vendrán de lejos a ti, con regalos en la mano...»

Tobías (Tb 13,11b): «Muchos pueblos vendrán de...»

Isaías (Is 60,3): «Y andarán las naciones...»

«Dichosos los que te aman y se alegran en tu paz...»

Tobías (Tb 13,14): «Dichosos los que te...»

Salmos (Sal 122,6): «Pedid por la paz...»","- Uso litúrgico: Dedicación de templos, Pascua, fiestas marianas y celebraciones escatológicas de la Palabra.
- Carácter musical: Festivo, brillante, triunfal, majestuoso y danzante.	"
Jesús recorría todas las ciudades,Kiko Argüello,"Mateo 9,35-38; Lucas 10,2","El ardor misionero de Jesús: recorre pueblos y aldeas enseñando y sanando toda dolencia; al contemplar a las muchedumbres extenuadas como ovejas sin pastor, pide rogar al dueño de la mies que envíe obreros a su cosecha.","- La compasión entrañable de Cristo (*Splajnizomai*): El Señor se conmueve hasta las entrañas al ver al pueblo desamparado, abandonado y desorientado.
- La mies sobreabundante: La cosecha es mucha y los obreros son pocos; la salvación apremia y el mundo tiene hambre de Dios.
- La oración como motor de la misión: El mandato imperativo de Jesús: orar al Dueño de la mies para que suscite evangelizadores entregados.","Cristo se manifiesta como el Médico divino, el Buen Pastor compasivo y el Dueño de la mies que sale incansable a sanar y congregar a los hombres.","Testimonio de quien se sintió desorientado y acogió a los misioneros que llegaron a su vida, experimentando la llamada a pedir con ardor sacerdotes y evangelizadores para el mundo.","«Jesús recorría todas las ciudades y aldeas, enseñando y sanando...»

Mateo (Mt 9,35): «Recorría Jesús todas las...»

«Y al ver a las multitudes tuvo compasión de ellas, porque estaban desamparadas...»

Mateo (Mt 9,36): «Y al ver las...»

Marcos (Mc 6,34): «Como ovejas que no...»

«La mies es mucha, pero los obreros pocos...»

Mateo (Mt 9,37): «Entonces dijo a sus...»

«Rogad, pues, al dueño de la mies que envíe obreros a su mies...»

Mateo (Mt 9,38): «Rogad, pues, al Señor...»

Lucas (Lc 10,2): «La mies a la...»","- Uso litúrgico: Jornadas mundiales de las misiones (Domund), jornadas de oración por las vocaciones, convivencias y ordenaciones.
- Carácter musical: Pastoral, ágil, rítmico, entusiasta y con espíritu de camino evangelizador.	"
La cordera de Dios,Kiko Argüello,"Tradición mariana oriental; Juan 19,25-27 (María al pie de la Cruz)","Lamento lírico y conmovido que contempla a la Virgen María como la «Cordera inmaculada» que ve al Cordero, su Hijo Jesús, llevado al matadero del Calvario.","- La compasión de la Corredentora: María unida indisolublemente al sacrificio del Hijo; la espada profetizada por Simeón que atraviesa su alma virgen.
- La nueva maternidad al pie de la cruz: En el momento del supremo despojo, Cristo entrega a su propia Madre al discípulo amado y a la Iglesia entera.
- La pureza sacrificial: La Cordera pura que no maldice ni acusa, sino que calla y ofrece con dolor santo la vida de su fruto bendito.",Cristo se manifiesta como el Cordero inocente colgado del madero que consuela el dolor filial y maternal de su Santa Madre.,"Testimonio de padres y madres que atraviesan el dolor desgarrador de ver sufrir a un hijo enfermo o extraviado, hallando en la Virgen al pie de la cruz consuelo y fortaleza sobrenatural.","«La cordera contempla a su cordero llevado al matadero...»

Isaías (Is 53,7): «Como cordero fue llevado...»

Juan (Jn 19,25): «Estaban junto a la...»

«¿Adónde vas, hijo mío? ¿Por qué apresuras tu carrera?...»

Lucas (Lc 2,35): «Y una espada traspasará...»

«Mujer, he ahí a tu hijo; hijo, he ahí a tu madre...»

Juan (Jn 19,26-27): «Cuando vio Jesús a...»

Lamentaciones (Lm 1,12): «Mirad, y ved si...»

Juan (Jn 1,36): «He aquí el Cordero...»","- Uso litúrgico: Viernes Santo, Vía Crucis, memoria de la Virgen de los Dolores y tiempo de Cuaresma.
- Carácter musical: Desgarrador, quejumbroso, lento, íntimo y con ternura maternal contenida.	"
La espada,Kiko Argüello,"Ezequiel 21,14-22 (Cántico de la espada afilada)","Oráculo estremecedor de juicio: la espada del Señor afilada y bruñida para la matanza, que centellea como el rayo para cortar de raíz el orgullo de los soberbios.","- El rigor de la Palabra purificadora: La espada no busca la aniquilación caprichosa, sino cercenar la dureza del pecado y la hipocresía humana.
- El juicio de Dios sobre la soberbia: Los reyes y poderosos caen sobrecogidos ante el filo de la santidad divina que penetra hasta la médula.
- Llamada urgente a batir palmas y arrepentirse: Gesto profético de consternación que invita a caer de rodillas antes de que se consume la sentencia.","Cristo se manifiesta como el Juez Escatológico de cuya boca sale una espada aguda de dos filos (Ap 1,16) para discernir los pensamientos y juzgar con justicia.",Testimonio del hombre que experimenta cómo la predicación de la verdad corta quirúrgicamente sus justificaciones morales y lo conduce a una sincera conversión.,"«Espada, espada afilada y también bruñida...»

Ezequiel (Ez 21,9): «Hijo de hombre, profetiza...»

«Para degollar ha sido afilada, para relucir ha sido bruñida...»

Ezequiel (Ez 21,10): «Para degollar víctimas está...»

«Bate palmas, hijo de hombre, porque la espada se duplica y se triplica...»

Ezequiel (Ez 21,14): «Tú, pues, hijo de...»

Hebreos (Hb 4,12): «Porque la palabra de...»

Apocalipsis (Ap 1,16): «De su boca salía...»","- Uso litúrgico: Celebraciones penitenciales mayores, pasos de escrutinio riguroso y días penitenciales de Cuaresma.
- Carácter musical: Severo, impetuoso, enérgico, de ritmo cortante y con dramatismo aterrador.	"
La marcha es dura,Kiko Argüello,"1 Reyes 19,4-8 (El camino de Elías hacia el Horeb)","El desaliento del profeta Elías bajo la retama en el desierto: exhausto y deseando la muerte, es despertado por el ángel que le ofrece pan y agua diciendo: «Levántate y come, que el camino es superior a tus fuerzas».","- La fatiga existencial en el desierto: El creyente experimenta el límite de sus fuerzas psicológicas y espirituales ante la incomprensión y la persecución.
- La comida de los fuertes: Dios no reprocha el cansancio; envía su alimento milagroso (figura de la Eucaristía) para sostener al peregrino.
- La marcha de cuarenta días: Con la fuerza de aquella comida, el profeta camina cuarenta días y cuarenta noches hasta la montaña de Dios, el Horeb.",Cristo se manifiesta como el Pan de Vida bajado del cielo que fortalece a sus discípulos para no desfallecer en la prueba y alcanzar la vida eterna.,Testimonio del hermano que en medio de una crisis severa estuvo a punto de rendirse y descubrió en la Eucaristía el sustento milagroso para seguir caminando.,"«Basta ya, Señor, quítame la vida, que yo no soy mejor que mis padres...»

1 Reyes (1R 19,4): «Y él se fue...»

«Un ángel le tocó y le dijo: Levántate y come...»

1 Reyes (1R 19,5): «Y quedándose allí dormido...»

«Levántate y come, que el camino es demasiado largo para ti...»

1 Reyes (1R 19,7): «Y volviendo el ángel...»

«Y con la fuerza de aquella comida caminó cuarenta días y cuarenta noches...»

1 Reyes (1R 19,8): «Se levantó, pues, y...»

Juan (Jn 6,51): «Yo soy el pan...»","- Uso litúrgico: Convivencias comunitarias, momentos de discernimiento, celebraciones eucarísticas y tiempo de Cuaresma.
- Carácter musical: Melancólico en el lamento, reconfortante, cálido y firme en el mandato divino.	"
La paloma voló,Kiko Argüello,"Génesis 8,8-12; Cantar de los Cantares 2,14","El símbolo de la paloma del arca de Noé: suelta sobre las aguas del diluvio, vuelve trayendo un ramo verde de olivo en su pico, anunciando el pacto de paz y el renacer de la vida sobre la tierra purificada.","- El fin de las aguas de muerte: La paloma anuncia que las aguas del pecado han retrocedido y la misericordia divina renueva la creación.
- El ramo verde de olivo: Símbolo supremo de la reconciliación, la unción del Espíritu y el nuevo comienzo de la humanidad redimida.
- La paloma en las hendiduras: Imagen del alma pura y de la Iglesia cobijada en las llagas salvíficas de Cristo.",Cristo se manifiesta como el Arca de la salvación que nos libra de las aguas del juicio y el Rey Pacífico que nos trae el olivo de la reconciliación.,"Testimonio del pecador sumergido en las tormentas del pecado, que experimenta el cese de la angustia y el anuncio de paz del Espíritu en su alma.","«La paloma voló sobre las aguas y no encontró dónde posar su pie...»

Génesis (Gn 8,9): «Y no halló la...»

«Y volvió la paloma al atardecer, trayendo un ramo verde de olivo en el pico...»

Génesis (Gn 8,11): «Y la paloma volvió...»

«Así supo Noé que las aguas habían menguado sobre la tierra...»

Génesis (Gn 8,11b): «Y entendió Noé que...»

Cantares (Ct 2,14): «Paloma mía, que estás...»

1 Pedro (1P 3,20-21): «Donde pocas personas... fueron...»","- Uso litúrgico: Vigilia Pascual, tiempo de Pascua, rito del Bautismo y celebraciones penitenciales.
- Carácter musical: Poético, dulce, lírico, sereno y con luminoso aire pastoral.	"
La salve,Kiko Argüello,"Antífona mariana tradicional (Salve Regina); Lucas 1,48; Juan 19,27","Plegaria confiada de los hijos de Eva desterrados en este valle de lágrimas, suplicando a la Reina y Madre de misericordia que vuelva sus ojos clementes hacia nosotros y nos muestre a Jesús tras este destierro.","- La Madre de Misericordia: María como refugio dulcísimo y esperanza de los pecadores en las pruebas del mundo presente.
- La condición del destierro: El creyente reconoce su situación terrenal como un exilio («desterrados hijos de Eva que lloran en este valle de lágrimas»).
- Mostrar el Fruto bendito: El ministerio maternal de María consiste en orientar la mirada del hombre hacia Jesucristo, culmen de la redención.","Cristo se manifiesta como el Fruto bendito del vientre virginal de María, nuestra única salvación y meta definitiva al término de nuestro destierro.","Testimonio del enfermo, del atribulado y de la comunidad que al final de cada jornada encomienda sus penas a la Virgen, experimentando su protección inagotable.","«Dios te salve, Reina y Madre de misericordia; vida, dulzura y esperanza nuestra...»

Lucas (Lc 1,48): «Desde ahora me dirán...»

«A ti clamamos los desterrados hijos de Eva...»

Génesis (Gn 3,24): «Echó, pues, fuera al...»

«A ti suspiramos, gimiendo y llorando en este valle de lágrimas...»

Salmos (Sal 84,6): «Atravesando el valle de...»

«Vuelve a nosotros esos tus ojos misericordiosos...»

Juan (Jn 19,27): «He ahí tu madre...»

«Y después de este destierro, muéstranos a Jesús, fruto bendito de tu vientre...»

Lucas (Lc 1,42): «Y bendito el fruto...»","- Uso litúrgico: Conclusión de Completas, final de la Eucaristía, rezo del Santo Rosario y procesiones marianas.
- Carácter musical: Emotivo, suplicante, solemne, cálido y con honda unción filial.	"
La siega de las naciones,Kiko Argüello,"Miqueas 4,11-13; Mateo 13,30.39; Apocalipsis 14,14-16","El juicio y la siega escatológica: las naciones congregadas contra Sión desconocen los designios del Señor, quien las ha reunido como gavillas en la era para ser trilladas por la fuerza de su pueblo.","- Los planes ocultos de Dios: Los imperios y naciones conspiran contra el pueblo creyente, ignorando que Dios dirige la historia hacia su propio juicio.
- La trilla de Sión: Dios otorga cuernos de hierro y pezuñas de bronce a su Iglesia para desmenuzar a los poderes del mal con las armas de la fe.
- La mies de los pueblos: Consagración del botín de las naciones a Yahvéh, Señor de toda la tierra.","Cristo se manifiesta como el Segador divino coronado de oro, que empuña la hoz afilada para segar la tierra y separar el trigo de la paja.","Testimonio de la comunidad que no teme las amenazas ni la hostilidad del mundo circundante, sabiendo que el designio salvífico de Dios prevalecerá.","«Se han reunido contra ti muchas naciones, diciendo: Sea profanada Sión...»

Miqueas (Mi 4,11): «Ahora se han juntado...»

«Pero ellos no conocen los pensamientos del Señor, ni comprenden su designio...»

Miqueas (Mi 4,12): «Pero ellos no conocieron...»

«¡Levántate y trilla, hija de Sión!...»

Miqueas (Mi 4,13): «Levántate y trilla, hija...»

Apocalipsis (Ap 14,15): «Mete tu hoz, y...»

Mateo (Mt 13,39): «Y la siega es...»","- Uso litúrgico: Celebraciones escatológicas, vigilias de combate espiritual y convivencias de evangelización.
- Carácter musical: Épico, marcial, enérgico, de ritmo implacable y con gran fuerza vocal.	"
La voz de mi amado,Kiko Argüello,"Cantar de los Cantares 2,8-14","La llegada primaveral del Esposo: salta sobre los montes, atisba tras las celosías e invita a la amada a levantarse y salir porque el invierno ha pasado y la higuera ha echado sus yemas.","- El paso del invierno a la primavera pascual: La muerte y la esterilidad han cesado; la resurrección florece en la tierra con el canto de la tórtola.
- El salto sobre las colinas: Nada detiene a Cristo para venir al encuentro del hombre; supera los obstáculos del pecado y las debilidades humanas.
- Paloma en las grietas: Invitación al creyente a mostrar su rostro y hacer oír su voz desde el refugio seguro de las llagas de Cristo.",Cristo se manifiesta como el Esposo de la Primavera nueva y el Resucitado que llama a su Iglesia a salir de la tumba del miedo.,"Testimonio del cristiano que experimenta cómo la presencia viva de Cristo derrite el invierno de sus rencores y depresiones, inaugurando un tiempo nuevo de gozo.","«¡La voz de mi amado! He aquí que viene saltando sobre los montes...»

Cantares (Ct 2,8): «¡La voz de mi...»

«Mira cómo se para tras nuestra cerca, mira por las ventanas...»

Cantares (Ct 2,9): «Mi amado es semejante...»

«Levántate, amiga mía, hermosa mía, y ven...»

Cantares (Ct 2,10): «Mi amado habló, y...»

«Porque ha pasado el invierno, las lluvias han cesado y se han ido...»

Cantares (Ct 2,11): «Porque he aquí ha...»

«Paloma mía, en las grietas de la roca...»

Cantares (Ct 2,14): «Paloma mía, que estás...»","- Uso litúrgico: Vigilia Pascual, tiempo de Pascua, celebraciones matrimoniales y vigilias de comunión fraterna.
- Carácter musical: Lírico, festivo, jubiloso, danzante y con ternura nupcial.	"
Las armas de la luz,Kiko Argüello,"Romanos 13,11-14; Efesios 6,10-17",Llamada perentoria a sacudirse el letargo: la salvación está más cerca que cuando empezamos a creer; desechemos las obras de las tinieblas y revistámonos de las armas de la luz.,"- La hora del despertar: Consciencia vigilante de que el tiempo apremia y no podemos perder la vida en placeres efímeros y discordias.
- La armadura espiritual: Revestirse de Cristo Jesús, ceñirse con la coraza de la justicia, el escudo de la fe y el yelmo de la salvación.
- Conducirse como en pleno día: Desechar borracheras, impurezas, celos y envidias para caminar en la transparencia filial de los hijos de Dios.",Cristo se manifiesta como la Luz que vence la noche del mundo y las Vestiduras Santas con que el creyente es revestido en el Bautismo.,"Testimonio del hombre que decide romper con una vida oculta de pecado y mediocridad, poniéndose en pie para combatir el buen combate de la fe.","«Ya es hora de despertar del sueño, pues ahora la salvación está más cerca...»

Romanos (Ro 13,11): «Y esto, conociendo el...»

«La noche está muy avanzada, y se acerca el día...»

Romanos (Ro 13,12a): «La noche está avanzada...»

«Desechemos las obras de las tinieblas y revistámonos de las armas de la luz...»

Romanos (Ro 13,12b): «Desechemos, pues, las obras...»

«Revistámonos del Señor Jesucristo...»

Romanos (Ro 13,14): «Sino vestíos del Señor...»

Efesios (Ef 6,11): «Vestíos de toda la...»","- Uso litúrgico: Primer Domingo de Adviento, celebraciones penitenciales y escrutinios de conversión.
- Carácter musical: Imperativo, austero, vigilante, enérgico y con llamada firme.	"
Lauda Sión,Kiko Argüello,Secuencia de Corpus Christi (Santo Tomás de Aquino),"El gran cántico dogmático y eucarístico: Sión alaba a su Pastor y Guía con himnos y cánticos, celebrando el Pan vivo que da la vida y realiza el verdadero misterio de la Pascua.","- El Pan vivo y vivificante: Cristo mismo ofrecido como manjar inagotable para alimentar la fe de la Iglesia peregrina.
- Superación de la Pascua antigua: La nueva ley pone fin a la vieja alianza; la realidad sustituye a la sombra y la luz vence a la noche.
- La presencia real integral: Ni se rompe ni se parte; quien recibe una partícula recibe a Cristo entero y verdadero.","Cristo se manifiesta como el Pan de los Ángeles convertido en comida del hombre, Víctima y Sacerdote eterno en el misterio del altar.","Testimonio de adoración conmovida de la asamblea reunida en torno a la mesa eucarística, alimentada por el mismo Cuerpo de su Señor.","«Alaba, oh Sión, a tu Salvador; alaba a tu guía y pastor...»

Salmos (Sal 147,12): «Alaba a Yahvéh, Jerusalén...»

«Tema especial de la alabanza: el pan vivo y vivificante...»

Juan (Jn 6,51): «Yo soy el pan...»

«En la mesa del nuevo Rey, la nueva Pascua pone fin a la antigua...»

Lucas (Lc 22,19-20): «Esto es mi cuerpo...»

«El pan de los ángeles se hace comida del hombre peregrino...»

Salmos (Sal 78,25): «Pan de nobles comió...»

1 Corintios (1Co 11,24): «Tomó pan; y habiendo...»","- Uso litúrgico: Solemnidad del Santísimo Cuerpo y Sangre de Cristo (Corpus Christi), Jueves Santo y comunión solemne.
- Carácter musical: Majestuoso, solemne, coral, contemplativo y de honda reverencia eucarística.	"
Letanías de los santos,Kiko Argüello,Tradición Litúrgica Bautismal y de Ordenaciones,"Plegaria de intercesión suprema donde la Iglesia peregrina en la tierra invoca a la multitud de los santos de todos los tiempos para que rueguen por los elegidos, catecúmenos o ministros.","- La comunión de los santos: Unidad indisoluble entre la Iglesia militante en la tierra y la Iglesia triunfante en el cielo.
- La intercesión sacerdotal: Los hermanos que ya vencieron en el combate de la fe sostienen con su oración a quienes van a entrar en el bautismo o ministerio.
- Victoria sobre el maligno: La proclamación de los nombres de los mártires e intercesores ahuyenta a las potestades de las tinieblas.","Cristo se manifiesta como la Corona de todos los santos, el Señor compasivo a quien se dirigen las súplicas: «Líbranos, Señor» y «Te rogamos, óyenos».",Testimonio del catecúmeno o candidato al ministerio que se siente rodeado y empujado por una inmensa nube de testigos en la hora de su entrega.,"«Señor, ten piedad; Cristo, ten piedad...»

Mateo (Mt 15,22): «¡Señor, Hijo de David...»

«Santa María, Madre de Dios, ruega por nosotros...»

Lucas (Lc 1,28): «¡Salve, muy favorecida! El...»

«Santos apóstoles y mártires del Señor, rogad por nosotros...»

Hebreos (Hb 12,1): «Por tanto, nosotros también...»

«Por tu misterio pascual: Líbranos, Señor...»

Romanos (Ro 6,4): «Porque somos sepultados juntamente...»

Apocalipsis (Ap 7,9): «Una gran multitud, la...»","- Uso litúrgico: Rito del Bautismo en la Vigilia Pascual, Ordenaciones sacerdotales y profesión de votos religiosos.
- Carácter musical: Letánico, procesional, solemne, sereno y con alternancia coral entre solista y asamblea.	"
Letanías penitenciales I,Kiko Argüello,Ritual de la Penitencia; Salmo 51; Tradición Litúrgica,"Súplica letánica y comunitaria de invocación al perdón divino, reconociendo la miseria de los hombres y apelando a las llagas y misericordia de Jesucristo.","- El clamor del corazón humillado: Petición unánime de compasión que desciende sobre las faltas personales y eclesiales.
- Reparación del pecado: Acudir al manantial de las llagas de Cristo como único remedio eficaz contra la culpa.
- Reconciliación con Dios y con los hermanos: La penitencia cantada que derriba la soberbia del alma y prepara para recibir la absolución.",Cristo se manifiesta como el Redentor crucificado cuya sangre inocente es fuente inagotable de purificación y paz.,"Testimonio de la asamblea que, postrada en oración penitencial, confiesa su fragilidad y experimenta el descanso de la misericordia entrañable.","«Cristo, ten piedad de nosotros; Señor, ten piedad...»

Lucas (Lc 18,13): «Dios, sé propicio a...»

«Por tu cruz y tu pasión: Sálvanos, Señor...»

Filipenses (Flp 2,8): «Se humilló a sí...»

«A nosotros, pecadores: Escúchanos, Señor...»

Salmos (Sal 25,11): «Perdonarás también mi pecado...»

1 Juan (1Jn 1,9): «Si confesamos nuestros pecados...»","- Uso litúrgico: Celebraciones comunitarias del Sacramento de la Penitencia y tiempos fuertes de Cuaresma y Adviento.
- Carácter musical: Sobrio, suplicante, orante, repetitivo y con honda gravedad espiritual.	"
Letanías penitenciales II,Kiko Argüello,Ritual de la Penitencia; Daniel 9; Baruc 1,Segunda fórmula letánica para la liturgia penitencial: invocación intensa a la clemencia de Dios mediante el reconocimiento de los extravíos y la súplica del perdón filial.,"- La verdad del pecador ante Dios: «Hemos pecado, hemos cometido iniquidad»; rechazo de toda autojustificación.
- Apelación a la Alianza: Dios perdona no porque el hombre lo merezca, sino por honor a su Nombre y fidelidad a sus promesas.
- La sanación del corazón quebrantado: La gracia restituye la paz interior y el gozo de la salvación en el creyente contrito.",Cristo se manifiesta como el Sumo Sacerdote compasivo que comprende nuestras flaquezas y derrama su perdón sobre el pueblo penitente.,Testimonio del pecador que acude con el alma apesadumbrada y sale de la liturgia liberado del fardo de sus culpas pasadas.,"«Señor, ten piedad; por tu misericordia, perdónanos...»

Daniel (Dn 9,9): «De Yahvéh nuestro Dios...»

«Reconocemos nuestra culpa y la maldad de nuestros padres...»

Jeremías (Jr 14,20): «Reconocemos, oh Yahvéh, nuestra...»

«Muéstranos, Señor, tu misericordia y danos tu salvación...»

Salmos (Sal 85,7): «Muéstranos, oh Yahvéh, tu...»

Efesios (Ef 2,4-5): «Dios, que es rico...»","- Uso litúrgico: Escrutinios de penitencia, días de ayuno y celebraciones de reconciliación comunitaria.
- Carácter musical: Contrito, pausado, reflexivo y de súplica reverente.	"
Levanto mis ojos a los montes,Kiko Argüello,Salmo 121 (120),"Cántico gradual de peregrinación y custodia: el auxilio del hombre viene únicamente de Yahvéh, Creador del cielo y de la tierra, el Guardián fiel de Israel que no duerme ni reposa.","- El auxilio divino exclusivo: Los montes y falsas seguridades del mundo no salvan; el auxilio del creyente proviene sólo del Señor creador.
- El Guardián que no dormita: Dios no se adormece ante las angustias de sus hijos; vela día y noche protegiendo cada uno de sus pasos.
- Protección contra el sol y la luna: Dios es sombra protectora ante las tentaciones de soberbia por el día y los terrores morales por la noche.
- Custodia en las salidas y entradas: El Señor custodia la vida del creyente desde ahora y para siempre jamás.",Cristo se manifiesta como el Buen Pastor vigilante y la Sombra bienhechora que resguarda a su pueblo del poder destructor del enemigo.,"Testimonio del peregrino que camina por la vida en medio de peligros e incertidumbres, experimentando la paz de saberse custodiado por la providencia de Dios.","«Levanto mis ojos a los montes: ¿de dónde me vendrá el auxilio?...»

Salmos (Sal 121,1): «Alzaré mis ojos a...»

«Mi auxilio me viene del Señor, que hizo el cielo y la tierra...»

Salmos (Sal 121,2): «Mi socorro viene de...»

«No duerme ni reposa el guardián de Israel...»

Salmos (Sal 121,4): «He aquí, no se...»

«El Señor te guarda de todo mal, él guarda tu alma...»

Salmos (Sal 121,7): «Yahvéh te guardará de...»

«El Señor guardará tus salidas y tus entradas, desde ahora y por siempre...»

Salmos (Sal 121,8): «Yahvéh guardará tu salida...»","- Uso litúrgico: Vísperas, celebraciones de bendición para viajes y peregrinaciones, y exequias.
- Carácter musical: Sosegado, orante, lírico, confiado y de respiración tranquila.	"
Llegue hasta tu presencia mi clamor,Kiko Argüello,"Salmo 119 (118),169-176","Súplica final del salmo de la Ley: el salmista clama por inteligencia según la Palabra, promete alabanzas porque todos los mandamientos son justicia, y pide ser buscado como oveja extraviada.","- La inteligencia espiritual: Pedir a Dios comprensión viva de su Palabra para no errar el camino de la vida.
- Alabanza continua por los mandatos: Los labios destilan cánticos cuando el hombre experimenta la bondad de los preceptos divinos.
- La confesión del extravío: «Como oveja perdida me descarrié; busca a tu siervo, pues no he olvidado tus mandatos»; humildad radical ante Dios.",Cristo se manifiesta como el Buen Pastor que sale en busca de la oveja perdida para cargarla sobre sus hombros y devolverla al redil.,"Testimonio de quien reconoce sus debilidades y tropiezos, pero conserva en el fondo del corazón el amor a la Palabra y se deja encontrar por la gracia de Dios.","«Llegue hasta tu presencia mi clamor, Señor; con tu palabra dame inteligencia...»

Salmos (Sal 119,169): «Llegue mi clamor delante...»

«Brote mi boca en alabanzas, pues me enseñas tus preceptos...»

Salmos (Sal 119,171): «Mis labios rebosarán alabanza...»

«Viva mi alma para alabarte, y tus juicios me ayuden...»

Salmos (Sal 119,175): «Viva mi alma y...»

«Me descarrié como oveja perdida; busca a tu siervo...»

Salmos (Sal 119,176): «Yo anduve errante como...»

Lucas (Lc 15,4): «¿Qué hombre de vosotros...»","- Uso litúrgico: Celebraciones de la Palabra, laudes penitenciales y escrutinios de iniciación a las Escrituras.
- Carácter musical: Suplicante, íntimo, sereno, reflexivo y con profunda humildad.	"
Llévame al cielo,Kiko Argüello,Poema místico inspirado en San Juan de la Cruz y Santa Teresa de Jesús,"Anhelo místico y desprendimiento radical del alma que, cautivada por la gloria de Dios, suplica ser arrebatada hacia el cielo, considerando basura todo lo terreno ante la hermosura celestial.","- La nostalgia de la patria celeste: El creyente experimenta que este mundo es morada pasajera y suspira por el encuentro definitivo cara a cara con Dios.
- El desapego de lo caduco: La contemplación de las realidades eternas relativiza el peso de los sufrimientos y vanidades de la tierra.
- El deseo del amor perfecto: Morir al hombre viejo y ser transformado para siempre en la comunión trinitaria.",Cristo se manifiesta como el Esposo de la Gloria eterna que ha ido a preparar una morada en la casa del Padre para los suyos.,"Testimonio del creyente anciano, enfermo o probado que, en paz con Dios, aguarda con dulzura y esperanza viva el paso definitivo a la eternidad.","«¡Llévame al cielo, Señor de mi vida!...»

Filipenses (Flp 1,23): «Teniendo deseo de partir...»

«Nada deseo en la tierra fuera de ti...»

Salmos (Sal 73,25): «¿A quién tengo yo...»

«Mi alma suspira por tus atrios celestiales...»

Salmos (Sal 84,2): «Anhela mi alma y...»

«Deseo desatarme y estar con Cristo...»

2 Corintios (2Co 5,8): «Pero confiamos, y más...»

Juan (Jn 14,2): «Voy, pues, a preparar...»","- Uso litúrgico: Celebraciones exequiales, vigilias con enfermos y momentos de oración contemplativa.
- Carácter musical: Místico, etéreo, lírico, suplicante y de profunda serenidad.	"
Magníficat,Kiko Argüello,"Lucas 1,46-55 (Cántico evangélico de María)","El cántico de alabanza de la Virgen María que exalta la grandeza y misericordia de Dios, quien derriba del trono a los poderosos, colma de bienes a los hambrientos y enaltece a los humildes.","- La mirada de Dios sobre la pequeñez: Dios no posa sus ojos en la soberbia humana, sino en la nada y humildad de su sierva.
- La revolución de la gracia: Subversión del orden mundano: dispersa a los soberbios de corazón, derriba a los potentados y despide a los ricos con las manos vacías.
- Fidelidad irrevocable a la Alianza: Cumplimiento de la misericordia prometida a Abraham y a su descendencia para siempre.","Cristo se manifiesta como el Salvador encarnado en el seno de la Virgen, el Brazo poderoso del Padre que desbarata la soberbia del maligno.","Testimonio del creyente que experimenta su propia miseria y comprueba con gratitud cómo Dios ha hecho obras grandes en su historia, colmándolo de bendición.","«Proclama mi alma la grandeza del Señor, se alegra mi espíritu en Dios mi salvador...»

Lucas (Lc 1,46-47): «Engrandece mi alma al...»

«Porque ha mirado la humillación de su esclava...»

Lucas (Lc 1,48): «Porque ha mirado la...»

«Derribó del trono a los poderosos y enalteció a los humildes...»

Lucas (Lc 1,52): «Quitó de los tronos...»

«A los hambrientos colmó de bienes y a los ricos despidió vacíos...»

Lucas (Lc 1,53): «A los hambrientos colmó...»

1 Samuel (1S 2,1-8): «Mi corazón se regocija...»","- Uso litúrgico: Cántico evangélico culminante de Vísperas, fiestas marianas y vigilias de acción de gracias.
- Carácter musical: Solemne, festivo, jubiloso, danzante y con elevación lírica comunitaria.	"
María de Jasna Góra,Kiko Argüello,"Tradición mariana del icono de Czestochowa (Jasna Góra); Juan 19,26-27","Invocación a la Virgen Negra de Jasna Góra: Madre herida en el rostro que custodia la fe de su pueblo, intercediendo maternalmente en medio de persecuciones y sufrimientos históricos.","- El icono de la compasión: Las cicatrices en el rostro de la Virgen evocan el sufrimiento de la Iglesia herida por la persecución y el pecado.
- Baluarte de la fe: Jasna Góra («Monte Claro») como monte santo de resistencia espiritual frente al ateísmo y la opresión.
- Maternidad dolorosa y protectora: María acompaña las pruebas de los pequeños, ofreciéndoles refugio seguro bajo su manto.","Cristo se manifiesta como el Salvador sostenido en brazos de su Madre, quien señala al Redentor como el único Señor de la historia humana.","Testimonio de pueblos y familias probadas por la adversidad y la opresión, que hallan en la Virgen herida la certeza del amparo y de la victoria de la fe.","«María de Jasna Góra, Madre de rostro herido...»

Juan (Jn 19,26): «Cuando vio Jesús a...»

«Reina y protectora de nuestro pueblo...»

Lucas (Lc 1,43): «¿Por qué se me...»

«Guarda nuestra fe en medio de la tormenta...»

Lucas (Lc 22,32): «Pero yo he rogado...»

Lucas (Lc 2,35): «Una espada traspasará tu...»

Apocalipsis (Ap 12,17): «Entonces el dragón se...»","- Uso litúrgico: Fiestas marianas, peregrinaciones, jornadas de la juventud y vigilias de oración misionera.
- Carácter musical: Melódico, entrañable, solemne, con aire eslavo y profunda emoción filial.	"
"María, casa de bendición",Kiko Argüello,"Génesis 12,2-3; Lucas 1,39-45; Proverbios 9,1",Alabanza a María como la morada sagrada de la sabiduría divina y fuente de bendición universal para todos los pueblos y linajes de la tierra.,"- El Nuevo Templo: María es la Casa que la Sabiduría divina edificó para sí, el Arca viviente de la presencia del Dios Altísimo.
- Cumplimiento de la bendición abrahámica: En su seno fecundo se cumple la promesa hecha al patriarca Abraham: «En ti serán benditas todas las naciones».
- La presencia que engendra paz: Donde entra María, entra la bendición de Dios, disipando la tristeza y haciendo saltar de júbilo a los redimidos.",Cristo es la Bendición viviente del Padre y el Huésped divino concebido en el seno de la Virgen para habitar entre los hombres.,"Testimonio de la familia cristiana que experimenta cómo la acogida de la presencia maternal de María introduce paz, reconciliación y bendición duradera en el hogar.","«María, casa de bendición, templo santo del Señor...»

Proverbios (Pr 9,1): «La sabiduría edificó su...»

«En ti se bendicen todas las familias de la tierra...»

Génesis (Gn 12,3): «Y serán benditas en...»

«Bendita tú entre las mujeres y bendito el fruto de tu vientre...»

Lucas (Lc 1,42): «¡Bendita tú entre las...»

Lucas (Lc 1,40): «Y entró en casa...»

Efesios (Ef 1,3): «Nos bendijo con toda...»","- Uso litúrgico: Fiestas marianas (Visitación, Anunciación), bendición de familias y procesiones.
- Carácter musical: Cálido, pastoral, dulce, lírico y con cadencia contemplativa.	"
"María, madre de la iglesia",Kiko Argüello,"Juan 19,25-27; Hechos 1,14; Apocalipsis 12,1-6",Proclamación de la maternidad eclesial de María: entregada por Jesús al pie de la Cruz como Madre del discípulo y orante en el Cenáculo con los apóstoles a la espera del Espíritu Santo.,"- La maternidad eclesial universal: Al recibir a Juan, María engendra espiritualmente a todo discípulo de Cristo y a la Iglesia naciente.
- Presencia orante en Pentecostés: María en medio de la comunidad persevera en la oración, atrayendo la efusión soberana del Espíritu Santo.
- Figura de la Esposa inmaculada: María modelo y tipo perfecto de la Iglesia que camina peregrina hacia la Jerusalén celeste.",Cristo se manifiesta como el Primogénito entre muchos hermanos que desde la Cruz sella la comunión filial entre su Madre y su Cuerpo místico.,"Testimonio del creyente que no se siente huérfano en la fe, apoyándose en la ternura y en la intercesión continua de María Madre de la Iglesia.","«Mujer, he ahí a tu hijo; hijo, he ahí a tu madre...»

Juan (Jn 19,26-27): «Dijo a su madre...»

«Perseveraban unánimes en oración con María, la madre de Jesús...»

Hechos (Hch 1,14): «Todos éstos perseveraban unánimes...»

«Madre de los creyentes, ruega por nosotros...»

Lucas (Lc 1,45): «Bienaventurada la que creyó...»

Apocalipsis (Ap 12,1): «Apareció en el cielo...»

Juan (Jn 2,5): «Haced todo lo que...»","- Uso litúrgico: Memoria litúrgica de Santa María, Madre de la Iglesia (lunes de Pentecostés), clausura de asambleas y encuentros comunitarios.
- Carácter musical: Solemne, sosegado, entrañable, orante y con respiración comunitaria.	"
"María, madre del camino ardiente",Kiko Argüello,"Éxodo 3,2-4; Cantar de los Cantares 8,6; Lucas 1,35","Invocación lírica a la Virgen como la Zarza ardiente que arde con el fuego del Espíritu Santo sin consumirse, acompañando el camino de purificación y ardor apostólico de sus hijos.","- La Zarza incombustible (*Seneh*): Figura patrística de la virginidad perpetua de María y de su concepción virginal; acoge la llama de la divinidad sin sufrir daño.
- El fuego del amor divino: La caridad de Dios como hoguera abrasadora que purifica al creyente para el testimonio evangélico.
- Guía en la travesía del desierto: María acompaña a la comunidad a través de las pruebas ardientes del combate espiritual.",Cristo se manifiesta como el Fuego consumidor y vivificante que descendió sobre la tierra para abrasar los corazones en el amor del Padre.,Testimonio del misionero que experimenta cómo la cercanía maternal de María reaviva el celo apostólico cuando la tibieza o el cansancio amenazan la fe.,"«María, madre del camino ardiente, zarza que arde sin consumirse...»

Éxodo (Ex 3,2): «Y la zarza ardía...»

«Guíanos con el fuego del amor de Dios...»

Cantares (Ct 8,6): «Sus saetas, saetas de...»

«El Espíritu Santo vendrá sobre ti y el poder del Altísimo te cubrirá con su sombra...»

Lucas (Lc 1,35): «Respondiendo el ángel, le...»

Lucas (Lc 12,49): «Fuego vine a meter...»

Hebreos (Hb 12,29): «Porque nuestro Dios es...»","- Uso litúrgico: Convivencias misioneras, encuentros vocacionales de jóvenes y vigilias de Pentecostés.
- Carácter musical: Apasionado, ardiente, místico, con ritmo marcado y aire litúrgico oriental.	"
"María, pequeña María",Kiko Argüello,"Lucas 1,48; Sofonías 3,14-17; Tradición de los «Anawim» de Yahvéh","Poema filial y entrañable a la doncella de Nazaret: la humilde y pequeña esclava del Señor que, por su docilidad y silencio, es elegida para ser la Madre del Redentor.","- La espiritualidad de los pobres de Yahvéh (*Anawim*): La salvación no entra por el poder terrenal, sino por la pequeñez de quien confía ciegamente en Dios.
- El valor del silencio y la contemplación: María guardaba y meditaba todas las cosas en su corazón, dejando actuar a la Palabra viva.
- La esclava ensalzada: En la pequeñez de la Virgen resplandece la verdad del Evangelio: Dios exalta a los pequeños y confunde a los soberbios.",Cristo se manifiesta como el Dios Altísimo que se anonada y se hace un niño indefenso en los brazos maternales de María.,"Testimonio del cristiano probado que aprende de María a amar su propia pequeñez e imperfección, sabiendo que en la debilidad humana Dios realiza prodigios.","«María, pequeña María, esclava del Señor...»

Lucas (Lc 1,38): «He aquí la sierva...»

«Hija humilde de Sión, en ti se complace el Altísimo...»

Sofonías (So 3,14): «Canta, oh hija de...»

«Dichosa tú porque has creído la palabra de Dios...»

Lucas (Lc 1,45): «Bienaventurada la que creyó...»

«Guardabas todas las cosas meditándolas en tu corazón...»

Lucas (Lc 2,19): «Pero María guardaba todas...»

Mateo (Mt 18,3): «Si no os hacéis...»","- Uso litúrgico: Santo Rosario, acción de gracias, Adviento, Navidad y fiestas marianas de devoción popular.
- Carácter musical: Dulce, sencillo, íntimo, tierno y con aire de nana espiritual.	"
Me enseñarás el camino de la vida,Kiko Argüello,"Salmo 16 (15),7-11; Hechos 2,25-28","Cántico mesiánico y pascual de confianza plena: el Señor es el lote de mi heredad, tengo siempre presente al Señor y Él no entregará mi alma al abismo ni dejará a su fiel conocer la corrupción.","- Dios como porción y copa exclusiva: El alma renuncia a los ídolos ajenos; su riqueza es el Señor y su lote es hermoso.
- La profecía de la Resurrección: Seguridad ontológica de que el sepulcro no tiene la última palabra; la carne descansará serena porque Dios no dejará a su Santo ver la descomposición.
- Plenitud de gozo eterno: «Me enseñarás el sendero de la vida, hartura de gozo ante tu rostro, delicias a tu diestra para siempre».",Cristo se manifiesta como el Justo Resucitado que vence al abismo y abre para todos los bautizados la senda hacia la vida incorruptible.,"Testimonio del creyente frente al dolor o la cercanía de la muerte, que proclama con serena certeza que su destino es la resurrección y la gloria junto a Dios.","«Me enseñarás el camino de la vida, plenitud de gozo en tu presencia...»

Salmos (Sal 16,11): «Me mostrarás la senda...»

«Tengo siempre presente al Señor, con él a mi derecha no vacilaré...»

Salmos (Sal 16,8): «A Yahvéh he puesto...»

«Por eso se alegra mi corazón y mi carne descansa confiada...»

Salmos (Sal 16,9): «Se alegró por tanto...»

«Porque no abandonarás mi alma en el sepulcro, ni dejarás a tu santo ver la corrupción...»

Salmos (Sal 16,10): «Porque no dejarás mi...»

Hechos (Hch 2,27): «Porque no dejarás mi...»

Hechos (Hch 13,35): «No permitirás que tu...»","- Uso litúrgico: Vigilia Pascual, Eucaristías de Pascua, exequias y Laudes solemnes.
- Carácter musical: Contemplativo, reposado, solemne, esperanzador y con dulce firmeza.	"
"Me has seducido, Señor",Kiko Argüello,"Jeremías 20,7-13 (La seducción de Dios y el fuego en los huesos)","El drama conmovedor de la vocación profética: seducido por Dios y vencido por su fuerza irresistible, el profeta experimenta el escarnio del mundo; al intentar callar, la Palabra se convierte en un fuego abrasador encerrado en sus huesos.","- La seducción divina (*Patah*): La vocación no es un cálculo humano, sino una experiencia sobrecogedora donde el amor de Dios cautiva y vence la resistencia del hombre.
- El oprobio por causa de la Palabra: Anunciar la verdad acarrea burla, calumnia y persecución social.
- El fuego inagotable de la misión: Imposibilidad de desertar de la llamada; la Palabra quema por dentro hasta que es proclamada.
- Yahvéh como guerrero temible: Dios está junto a su testigo como un luchador poderoso, haciendo caer a los perseguidores.","Cristo se manifiesta como el Profeta consumado, el Siervo que bebe el cáliz de la soledad y el oprobio, entregado enteramente a la misión del Padre.","Testimonio del catequista o presbítero en crisis apostólica que, habiendo querido abandonar la misión ante las críticas, experimenta que no puede callar la verdad de Jesucristo.","«Me sedujiste, Señor, y me dejé seducir; fuiste más fuerte que yo y me venciste...»

Jeremías (Jr 20,7): «Me sedujiste, oh Yahvéh...»

«Cada vez que hablo tengo que gritar: ¡Violencia y destrucción!...»

Jeremías (Jr 20,8): «Porque cuantas veces hablo...»

«Y dije: No me acordaré de él ni hablaré más en su nombre...»

Jeremías (Jr 20,9a): «Y dije: No me...»

«Pero había en mi corazón como un fuego abrasador encerrado en mis huesos...»

Jeremías (Jr 20,9b): «Había en mi corazón...»

1 Corintios (1Co 9,16): «¡Ay de mí si...»

Jeremías (Jr 20,11): «Mas Yahvéh está conmigo...»","- Uso litúrgico: Celebraciones de envío vocacional, aniversarios presbiterales, escrutinios de ministerio y Cuaresma.
- Carácter musical: Dramático, doloroso, apasionado, quejumbroso y con clímax vehemente.	"
Me robaste el corazón,Kiko Argüello,"Cantar de los Cantares 4,9-12; 5,1","El embeleso del Esposo celestial ante el amor de la Esposa: «Me robaste el corazón, hermana mía, esposa; con una sola mirada tuya, con una sola cuenta de tu collar».","- El amor apasionado de Dios: Revelación inaudita de la ternura de Dios, cuyo corazón es conquistado y conmovido por la fe humilde de la criatura.
- El huerto cerrado y la fuente sellada: La pureza virginal de la Iglesia, reservada exclusivamente para su Señor y preservada de los ídolos mundanos.
- El aroma de los ungüentos: Las virtudes y buenas obras de los fieles que perfuman la tierra con el buen olor de Cristo.",Cristo se manifiesta como el Esposo arrebatado de amor que da su vida para embellecer a la Iglesia y unirse eternamente a ella en la Alianza nupcial.,"Testimonio del alma que se sentía fea y pecadora, y se sobrecoge al descubrir que para Cristo es infinitamente preciosa y amada.","«Me robaste el corazón, hermana mía, esposa mía...»

Cantares (Ct 4,9): «Prendiste mi corazón, hermana...»

«Con una sola de tus miradas, con una cuenta de tus collares...»

Cantares (Ct 4,9b): «Has hecho saltar mi...»

«¡Cuán hermosos son tus amores, hermana mía, esposa!...»

Cantares (Ct 4,10): «¡Cuán hermosos son tus...»

«Huerto cerrado eres tú, hermana mía; manantial reservado, fuente sellada...»

Cantares (Ct 4,12): «Huerto cerrado eres, hermana...»

2 Corintios (2Co 11,2): «Os he desposado con...»","- Uso litúrgico: Celebración del Sacramento del Matrimonio, bodas comunitarias, Pascua y vigilias nupciales.
- Carácter musical: Melódico, dulce, poético, íntimo y con suave cadencia lírica.	"
¡Mirad qué estupendo!,Kiko Argüello,"Salmo 133 (132); Juan 17,21","Aclamación festiva y danzante sobre el prodigio de la comunión: la belleza inefable de los hermanos que habitan juntos en unidad, signo visible de la presencia del Dios vivo.","- El signo escatológico de la comunión: La unidad de hermanos diferentes no es fruto de la simpatía natural, sino el milagro del Espíritu Santo que hace creíble el Evangelio.
- El aceite de la consagración: El Espíritu que desciende sobre la asamblea consagrándola como pueblo santo y sacerdotal.
- Bendición y vida eterna: La comunión eclesial como morada terrena de la bendición de Dios y anticipo del banquete celeste.","Cristo se manifiesta como el Centro y Vínculo de la caridad fraterna, quien cumple su oración sacerdotal: «Que sean uno para que el mundo crea».","Testimonio conmovedor de personas que antes vivían solas, resentidas o divididas en sus familias, y celebran saltando de alegría la maravilla de la reconciliación en la comunidad.","«¡Mirad qué estupendo, qué alegría, convivir los hermanos unidos!...»

Salmos (Sal 133,1): «¡Mirad cuán bueno y...»

«Es como óleo fino sobre la cabeza que baja por la barba de Aarón...»

Salmos (Sal 133,2): «Es como el buen...»

«Es como el rocío del Hermón que baja sobre el monte Sión...»

Salmos (Sal 133,3): «Como el rocío de...»

«Allí derrama el Señor la bendición, la vida para siempre...»

Salmos (Sal 133,3b): «Porque allí envía Yahvéh...»

Juan (Jn 17,21): «Para que todos sean...»

Hechos (Hch 4,32): «Y la multitud de...»","- Uso litúrgico: Canto de acogida, final festivo de la Eucaristía, ágapes fraternos y encuentros comunitarios.
- Carácter musical: Vivo, exultante, rítmico, danzante y con júbilo coral.	"
"Misericordia mía, misericordia",Kiko Argüello,Salmo 57 (56),"Súplica confiada del alma perseguida que se refugia a la sombra de las alas divinas mientras pasa la calamidad, despertando al alba con cítara y arpa para alabar a Dios entre las naciones.","- El amparo en la prueba: Refugiarse bajo las alas divinas hasta que cese la tormenta de la persecución y el peligro.
- La trampa del enemigo revertida: Los opresores cavaron una fosa para el justo, pero ellos mismos cayeron en ella.
- El corazón firme en la alabanza: La certeza de la salvación disipa el temor; el orante despierta a la aurora con cantos de acción de gracias porque la misericordia de Dios llega al cielo y su lealtad a las nubes.","Cristo se manifiesta como el Justo inocente que en Getsemaní y en la Cruz se abandona al Padre, despertando en la aurora luminosa de la Resurrección.","Testimonio del creyente asediado por conflictos o calumnias, que en lugar de vengarse se refugia en la oración y experimenta la fidelidad liberadora de Dios.","«Misericordia, Dios mío, misericordia, que mi alma se refugia en ti...»

Salmos (Sal 57,1): «Ten misericordia de mí, oh...»

«Y a la sombra de tus alas me cobijo hasta que pase la tormenta...»

Salmos (Sal 57,1b): «Y en la sombra de...»

«Mi corazón está firme, oh Dios; cantaré y tocaré para ti...»

Salmos (Sal 57,7): «Pronto está mi corazón, oh...»

«¡Despierta, gloria mía; despertad, arpa y cítara, despertaré a la aurora!...»

Salmos (Sal 57,8): «Despierta, alma mía; despierta...»

«Porque tu misericordia es grande hasta los cielos, y hasta las nubes tu fidelidad...»

Salmos (Sal 57,10): «Porque grande es hasta los...»","- Uso litúrgico: Laudes de la mañana, vigilias penitenciales, tiempo de Cuaresma y Eucaristías de liberación.
- Carácter musical: Suplicante y grave al inicio, transfigurándose en júbilo rítmico, luminoso y triunfal.	"
"Misericordia, Dios mío",Kiko Argüello,Salmo 51 (50) (Miserere),"El gran salmo penitencial de David: confesión quebrantada del pecado, petición de un corazón puro y súplica del Espíritu Santo para anunciar los caminos de Dios a los pecadores.","- Reconocimiento de la culpa original y personal: «En pecado me concibió mi madre; contra ti, contra ti solo pequé»; derribo de toda soberbia justificadora.
- La recreación del corazón: El hombre no necesita un simple arreglo moral, sino una criatura nueva: «Crea en mí, oh Dios, un corazón puro».
- El sacrificio grato a Dios: No sacrificios de animales, sino un corazón quebrantado y humillado que Dios no desprecia jamás.",Cristo se manifiesta como la Víctima inmaculada que derrama agua y sangre de su costado para purificarnos con hisopo y dejarnos más blancos que la nieve.,Testimonio del pecador arrepentido que experimenta el milagro de ser perdonado y devuelto a la alegría de la salvación para enseñar a otros la misericordia divina.,"«Misericordia, Dios mío, por tu bondad; por tu inmensa compasión borra mi culpa...»

Salmos (Sal 51,1): «Ten piedad de mí, oh...»

«Reconozco mi culpa, tengo siempre presente mi pecado...»

Salmos (Sal 51,3): «Porque yo reconozco mis rebeliones...»

«Oh Dios, crea en mí un corazón puro, renuévame por dentro con espíritu firme...»

Salmos (Sal 51,10): «Crea en mí, oh Dios...»

«No me arrojes lejos de tu rostro, no quites de mí tu santo Espíritu...»

Salmos (Sal 51,11): «No me eches de delante...»

«Un corazón quebrantado y humillado tú, Dios mío, no lo desprecias...»

Salmos (Sal 51,17): «Al corazón contrito y humillado...»","- Uso litúrgico: Celebraciones comunitarias de la Penitencia, Laudes de los viernes, Miércoles de Ceniza y Cuaresma.
- Carácter musical: Contrito, solemne, quejumbroso, orante y de profunda gravedad interior.	"
Mucho me han perseguido,Kiko Argüello,Salmo 129 (128),"Cántico de las subidas que hace memoria de las constantes tribulaciones padecidas por Israel desde su juventud, proclamando con certeza que los opresores no prevalecerán.","- La persecución como historia del pueblo creyente: Desde Egipto y la juventud de la fe, la Iglesia sufre hostigamiento sin ser aniquilada.
- La espalda arada por los impíos: Imagen gráfica de la flagelación y el dolor: «Sobre mi espalda araron los aradores, abrieron largos surcos».
- La justicia de Yahvéh: El Señor, que es justo, corta las coyundas de los malvados; la soberbia enemiga se seca como hierba sobre el tejado.","Cristo es el Siervo paciente que entrega sus espaldas a los azotes en la Pasión, cuya resurrección rompe las cadenas de la muerte y confunde a los verdugos.","Testimonio de la comunidad cristiana que sufre incomprensiones en el trabajo, sociedad o familia, comprobando que Dios corta las ataduras del mal y sostiene a sus siervos.","«Mucho me han perseguido desde mi juventud, que lo diga Israel...»

Salmos (Sal 129,1): «Mucho me han angustiado desde...»

«Mucho me han perseguido, mas no pudieron conmigo...»

Salmos (Sal 129,2): «Mucho me han angustiado... mas...»

«Sobre mis espaldas araron los aradores, alargaron sus surcos...»

Salmos (Sal 129,3): «Sobre mis espaldas araron los...»

«El Señor, que es justo, rompió las ataduras de los malvados...»

Salmos (Sal 129,4): «Yahvéh es justo; cortó las...»

2 Corintios (4,8-9): «En apuros, mas no desesperados...»","- Uso litúrgico: Vísperas, celebraciones penitenciales, pasos de persecución y tiempo de Cuaresma.
- Carácter musical: Rítmico, austero, con aire hebraico sobrio y firmeza esperanzada.	"
Ninguno puede servir a dos señores,Kiko Argüello,"Mateo 6,24-34; Lucas 16,13 (Sermón de la Montaña)","La incompatibilidad radical entre el Reino de Dios y el dinero (Mammón), acompañada de la invitación a no angustiarse por el alimento o el vestido, confiando en el Padre celestial.","- Elección absoluta del corazón: No se puede servir simultáneamente a Dios y al dinero; amar a uno implica despreciar al otro.
- Libertad frente a la idolatría de la seguridad: El afán y la ansiedad mundana ahogan la fe; a cada día le basta su propio afán.
- La providencia amorosa del Padre: Quien alimenta a las aves del cielo y viste a los lirios del campo cuidará infinitamente más de sus hijos.
- La prioridad suprema: «Buscad primero el Reino de Dios y su justicia, y todo lo demás se os dará por añadidura».","Cristo se manifiesta como el Maestro de la libertad evangélica, el Pobre voluntario que nos enseña a confiar ciegamente en la providencia del Padre.","Testimonio del creyente liberado de la tiranía del dinero y de la obsesión por el futuro, experimentando la paz milagrosa de vivir en la gratuidad divina.","«Nadie puede servir a dos señores: no podéis servir a Dios y al dinero...»

Mateo (Mt 6,24): «Ninguno puede servir a dos...»

Lucas (Lc 16,13): «Ningún siervo puede servir a...»

«No andéis agobiados por vuestra vida, qué comeréis o qué vestiréis...»

Mateo (Mt 6,25): «Por tanto os digo: No...»

«Mirad las aves del cielo: no siembran ni siegan, y vuestro Padre las alimenta...»

Mateo (Mt 6,26): «Mirad las aves del cielo...»

«Buscad primero el reino de Dios y su justicia, y todo se os dará por añadidura...»

Mateo (Mt 6,33): «Mas buscad primeramente el reino...»

Filipenses (Flp 4,6): «Por nada estéis afanosos, sino...»","- Uso litúrgico: Escrutinios de bienes, celebraciones de la Palabra sobre el desprendimiento y Tiempo Ordinario.
- Carácter musical: Didáctico, sereno, pastoral, rítmico y con aire de parábola viva.	"
"No está aquí, Resucitó",Kiko Argüello,"Mateo 28,5-7; Lucas 24,5-6; Marcos 16,6","El anuncio kerygmático de los ángeles a las mujeres en el sepulcro vacío: ¿Por qué buscáis entre los muertos al que vive? No está aquí, ha resucitado como dijo.","- La tumba vacía como testimonio: La muerte no retuvo al Autor de la vida; los lienzos caídos certifican el cumplimiento de la profecía.
- ¿Por qué buscar entre los muertos al Viviente?: Reproche angélico que invita a no buscar la salvación en las cosas muertas del mundo.
- Mandato de proclamación: La buena noticia debe ser anunciada sin demora a los discípulos para convocarlos al encuentro con el Resucitado.","Cristo se manifiesta como el Viviente que destruyó la muerte, vencedor invicto del sepulcro y primicia de la resurrección universal.","Testimonio radiante de la Iglesia que en la noche de Pascua recibe el anuncio de que ningún sepulcro de pecado o sufrimiento es definitivo, porque Cristo reina vivo.","«¿Por qué buscáis entre los muertos al que vive? No está aquí, ha resucitado...»

Lucas (Lc 24,5-6): «¿Por qué buscáis entre los...»

«No temáis vosotras, sé que buscáis a Jesús el crucificado...»

Mateo (Mt 28,5): «Mas el ángel, respondiendo, dijo...»

«Ha resucitado, como dijo; venid y ved el lugar donde estaba sepultado...»

Mateo (Mt 28,6): «No está aquí, pues ha...»

«Id pronto y decid a sus discípulos que ha resucitado de los muertos...»

Mateo (Mt 28,7): «E id pronto y decid...»

1 Corintios (1Co 15,20): «Mas ahora Cristo ha resucitado...»","- Uso litúrgico: Vigilia Pascual, Domingo de Resurrección y Eucaristías de todo el Tiempo Pascual.
- Carácter musical: Jubiloso, exultante, rápido, danzante y con aclamación comunitaria triunfal.	"
No hay en él parecer,Kiko Argüello,"Isaías 52,13–53,12 (Cuarto Cántico del Siervo de Yahvéh)","La sobrecogedora profecía de la Pasión: el Siervo desfigurado, varón de dolores y conocedor del sufrimiento, traspasado por nuestras rebeliones y mudo como cordero llevado al matadero.","- La fealdad redentora: Desprovisto de belleza humana para devolvernos la hermosura divina; desfigurado hasta no parecer humano.
- La sustitución expiatoria: Él cargó con nuestros dolores y soportó nuestros sufrimientos; el castigo que nos trae la paz cayó sobre Él y en sus llagas fuimos sanados.
- El silencio del inocente: Maltratado y afligido, no abrió su boca; como oveja muda ante sus esquiladores, asumió la muerte para interceder por los pecadores.",Cristo se manifiesta como el Siervo Doliente y el Cordero Pascual que asume sobre sí el peso de los pecados del mundo entero para redimirnos.,Testimonio del fiel que contempla el rostro desfigurado de Cristo crucificado y comprende con llanto de gratitud que allí fueron destruidas sus propias culpas.,"«No hay en él parecer ni hermosura; le vimos sin atractivo para que le deseáramos...»

Isaías (Is 53,2): «Le veremos, mas sin atractivo...»

«Despreciado y desecho de los hombres, varón de dolores, experimentado en quebrantos...»

Isaías (Is 53,3): «Despreciado y desechado entre los...»

«Él llevó nuestros dolores y soportó nuestros sufrimientos...»

Isaías (Is 53,4): «Ciertamente llevó él nuestras enfermedades...»

«Fue traspasado por nuestras rebeliones, triturado por nuestras culpas...»

Isaías (Is 53,5): «Mas él herido fue por...»

«Como cordero llevado al matadero, no abrió su boca...»

Isaías (Is 53,7): «Como cordero fue llevado al...»

1 Pedro (1P 2,24): «Quien llevó él mismo nuestros...»","- Uso litúrgico: Celebración de la Pasión del Señor (Viernes Santo), Vía Crucis y celebraciones penitenciales de Cuaresma.
- Carácter musical: Doloroso, severo, quejumbroso, lento y con extrema profundidad orante.	"
No resistáis al mal,Kiko Argüello,"Mateo 5,38-48; Lucas 6,27-36 (Sermón de la Montaña)","El mandamiento supremo y desconcertante del Reino: no oponer resistencia al que te hace daño; al que te abofetee la mejilla derecha preséntale la otra, ama a tus enemigos y bendice a los que te persiguen.","- La superación de la ley del talión: Fin del «ojo por ojo y diente por diente»; el mal sólo es vencido absorbiéndolo con el amor desarmado de Cristo.
- El amor a los enemigos: Amar al que te odia y rezar por el que te calumnia es el rasgo distintivo del hijo de Dios, que imita al Padre celestial que hace salir su sol sobre buenos y malos.
- La perfección en la misericordia: «Sed perfectos como vuestro Padre celestial es perfecto», es decir, misericordiosos hasta el perdón sin límites.","Cristo se manifiesta como el Cordero manso que en el Calvario perdonó a sus verdugos diciendo: «Padre, perdónalos, porque no saben lo que hacen».","Testimonio milagroso de cristianos que, habiendo sufrido injusticias, despojos o abusos, reciben de Dios la gracia de no vengarse y perdonar de corazón al agresor.","«Habéis oído que se dijo: Ojo por ojo y diente por diente. Mas yo os digo: No resistáis al mal...»

Mateo (Mt 5,38-39): «Oísteis que fue dicho: Ojo...»

«Al que te hiera en la mejilla derecha, vuélvele también la otra...»

Mateo (Mt 5,39b): «A cualquiera que te hiera...»

«Amad a vuestros enemigos, haced el bien a los que os aborrecen...»

Mateo (Mt 5,44): «Pero yo os digo: Amad...»

Lucas (Lc 6,27): «Amad a vuestros enemigos, haced...»

«Para que seáis hijos de vuestro Padre que hace salir su sol sobre malos y buenos...»

Mateo (Mt 5,45): «Para que seáis hijos de...»

Romanos (Ro 12,21): «No seas vencido de lo...»","- Uso litúrgico: Escrutinios de paso al padrenuestro, celebraciones penitenciales y tiempos de Cuaresma.
- Carácter musical: Contemplativo, reposado, solemne, de tono catequético y con honda convicción moral.	"
No sufras por los malvados,Kiko Argüello,"Salmo 37 (36),1-11","Instrucción sapiencial contra la envidia y el desaliento ante la aparente prosperidad del impío: confía en el Señor, haz el bien y los mansos heredarán la tierra.","- La caducidad del mal: No envidiar la riqueza de los pecadores, pues como la hierba se secan pronto y desaparecen como el humo.
- Poner la delicia en el Señor: «Confía en el Señor y haz el bien, habita en la tierra y saborea la fidelidad; pon tu delicia en el Señor y te dará lo que pide tu corazón».
- La bienaventuranza de los mansos: El impío maquina contra el justo y rechina los dientes, pero el Señor se ríe de él; los humildes poseerán la tierra en paz abundante.",Cristo se manifiesta como el Maestro Manso y Humilde que proclama en las bienaventuranzas la herencia celestial para los pacíficos.,"Testimonio del hombre tentado de amargura al ver triunfar la corrupción en el mundo, que recobra la serenidad y la paz interior apoyándose en la justicia infalible de Dios.","«No te impacientes a causa de los malvados, ni tengas envidia de los que hacen iniquidad...»

Salmos (Sal 37,1): «No te impacientes a causa...»

«Porque como la hierba serán pronto cortados, y se secarán como el verdor...»

Salmos (Sal 37,2): «Porque como hierba serán pronto...»

«Pon tu confianza en el Señor y haz el bien; pon tus delicias en el Señor...»

Salmos (Sal 37,3-4): «Confía en Yahvéh, y haz...»

«Los mansos heredarán la tierra y gozarán de paz abundante...»

Salmos (Sal 37,11): «Pero los mansos heredarán la...»

Mateo (Mt 5,5): «Bienaventurados los mansos, porque ellos...»","- Uso litúrgico: Celebraciones de la Palabra, laudes penitenciales, escrutinios de la fe y momentos de combate espiritual.
- Carácter musical: Didáctico, sereno, reflexivo, con ritmo pausado y melodía apaciguadora.	"
Noli me Tangere,Kiko Argüello,"Juan 20,11-18 (Jesús resucitado y María Magdalena)","El encuentro sobrecogedor en el huerto junto al sepulcro: el llanto de María Magdalena, el Maestro que la llama por su nombre («¡María!») y el encargo divino: «No me toques (*Noli me tangere*), porque aún no he subido a mi Padre; ve a mis hermanos y diles: Subo a mi Padre y a vuestro Padre».","- El llanto que busca al Señor: Magdalena no se conforma con consuelos humanos; llora la ausencia de Cristo hasta que Él se hace presente.
- La llamada personal por el nombre: El Resucitado se revela al pronunciar el nombre íntimo del creyente, transformando el luto en adoración.
- No retener al Resucitado: La fe debe madurar superando el apego a la presencia terrenal para acoger a Cristo glorificado en el Espíritu Santo.
- Misión de anuncio a los hermanos: Magdalena convertida en heraldo pascual de la fraternidad divina recuperada.",Cristo se manifiesta como el Esposo Resucitado y Hortelano divino que seca las lágrimas del alma y la envía a anunciar su victoria pascual.,"Testimonio del creyente que ha llorado en la tumba de sus pérdidas y escucha la voz personal de Jesús resucitado llamándolo por su nombre, pasando de la muerte a la vida.","«Mujer, ¿por qué lloras? ¿A quién buscas?...»

Juan (Jn 20,15): «Jesús le dijo: Mujer, ¿por...»

«Jesús le dijo: ¡María! Y ella, volviéndose, le dijo: ¡Rabboni! (que significa Maestro)...»

Juan (Jn 20,16): «Jesús le dijo: ¡María! Volviéndose...»

«No me toques, porque aún no he subido al Padre...»

Juan (Jn 20,17a): «Jesús le dijo: No me...»

«Ve a mis hermanos y diles: Subo a mi Padre y a vuestro Padre, a mi Dios y a vuestro Dios...»

Juan (Jn 20,17b): «Mas ve a mis hermanos...»

Cantares (Ct 3,4): «Asié de él, y no...»","- Uso litúrgico: Vigilia Pascual, Domingo de Resurrección, memoria de Santa María Magdalena (22 de julio) y tiempo pascual.
- Carácter musical: Dramático, tierno, íntimo, lírico y con gozo pascual incontenible.	"
"Oh cielos, lloved de lo alto",Kiko Argüello,"Isaías 45,8; Salmo 85 (84)",El grito de Adviento por excelencia: que los cielos derramen su rocío y las nubes lluevan la justicia; ábrase la tierra fecundada por la fe y germine el Salvador.,"- La súplica cósmica por el Mesías: Cielo y tierra se conjugan en el misterio de la Encarnación: el rocío de la gracia divina baja a fecundar el barro humano.
- La justicia y la salvación hermanadas: «La fidelidad brota de la tierra y la justicia mira desde el cielo»; reconciliación definitiva entre Dios y los hombres.
- Purificación de la esterilidad: Sin la lluvia del Salvador la tierra humana permanece desértica y muerta; su venida hace florecer la estepa.",Cristo se manifiesta como el Justo que desciende de los cielos y el Fruto bendito que brota del seno virginal de la tierra para redimir al hombre.,Testimonio de la Iglesia que en medio de la aridez del mundo contemporáneo clama con sed ardiente el retorno y la presencia viva de Jesucristo.,"«Cielos, lloved de lo alto; nubes, derramad la justicia...»

Isaías (Is 45,8a): «Rociad, cielos, de arriba, y...»

«Ábrase la tierra y germine el Salvador...»

Isaías (Is 45,8b): «Ábrase la tierra, y produzcan...»

«La fidelidad brotará de la tierra, y la justicia mirará desde los cielos...»

Salmos (Sal 85,11): «La verdad brotará de la...»

«El Señor nos dará la lluvia y nuestra tierra dará su fruto...»

Salmos (Sal 85,12): «Yahvéh dará también el bien...»

Oseas (Os 14,5): «Yo seré a Israel como...»","- Uso litúrgico: Canto de entrada o procesional en el Tiempo de Adviento, Laudes y Vísperas mayores de preparación a la Navidad.
- Carácter musical: Solemne, procesional, anhelante, majestuoso y con fuerte acento coral.	"
"Oh Dios, por tu nombre sálvame",Kiko Argüello,Salmo 54 (53),"Súplica ardiente del perseguido traicionado por los de su propio pueblo: clama al Nombre y al poder de Dios contra los soberbios que no tienen a Dios presente, desembocando en el sacrificio voluntario de alabanza.","- La salvación por el Nombre divino: El Nombre de Yahvéh como torre fuerte y refugio inexpugnable ante el acoso del injusto.
- La soberbia de los perseguidores: Hombres violentos que buscan la vida del creyente y viven al margen de la presencia de Dios.
- Dios como auxilio y sostén: Yahvéh es el único defensor que sostiene la vida del justo y hace recaer el mal sobre los acechadores.
- El sacrificio voluntario: La ofrenda de alabanza y gratitud brota de un corazón rescatado de toda angustia.","Cristo se manifiesta como el Justo entregado por Judas y perseguido por las autoridades, quien en la cruz se encomienda al Padre sabiendo que Dios es su auxilio.","Testimonio del hermano que experimenta la traición o el rechazo de personas cercanas, comprobando que al poner su causa en manos de Dios es librado de la amargura y la venganza.","«¡Oh Dios, por tu nombre sálvame, por tu poder defiéndeme!...»

Salmos (Sal 54,1): «Oh Dios, sálvame por...»

«Porque unos soberbios se alzan contra mí, y gente violenta busca mi vida...»

Salmos (Sal 54,3): «Porque extraños se han levantado...»

«Pero Dios es mi auxilio, el Señor sostiene mi vida...»

Salmos (Sal 54,4): «He aquí, Dios es el...»

«Te ofreceré un sacrificio voluntario, alabaré tu nombre, Señor, porque es bueno...»

Salmos (Sal 54,6): «Voluntariamente sacrificaré a ti; alabaré...»

Hebreos (Hb 13,6): «El Señor es mi ayudador...»","- Uso litúrgico: Celebraciones penitenciales, laudes de los martes, tiempo de Cuaresma y momentos de persecución comunitaria.
- Carácter musical: Suplicante, austero, con ritmo tenso y desenlace sereno en la acción de gracias.	"
"Oh Dios, tú eres mi Dios",Kiko Argüello,Salmo 63 (62),"El cántico místico de la sed de Dios en el desierto: el alma madruga en busca del Señor, sedienta como tierra reseca, contemplando su poder en el santuario y proclamando que su gracia vale más que la vida.","- La sed existencial en el desierto: La aridez geográfica se convierte en metáfora del corazón humano, insaciable de cosas creadas y anhelante del Dios vivo.
- La gracia sobrepasa la vida biológica: «Tu gracia vale más que la vida, te alabarán mis labios»; el amor de Dios como bien supremo superior a la existencia terrena.
- El festín del alma y el amparo bajo las alas: El alma se sacia como de manjares exquisitos al recordar al Señor en las vigilias de la noche, cobijada a la sombra de sus alas.",Cristo se manifiesta como el Agua Viva que apaga la sed eterna del hombre y el Justo que en la noche de la Pasión tiene su alma unida indisolublemente al Padre.,"Testimonio del cristiano que, atravesando momentos de sequedad espiritual o enfermedad, halla en la oración matutina el consuelo y la plenitud de su Señor.","«Oh Dios, tú eres mi Dios, por ti madrugo; mi alma tiene sed de ti...»

Salmos (Sal 63,1): «Dios, Dios mío eres tú...»

«Mi carne tiene ansia de ti, como tierra reseca, agostada, sin agua...»

Salmos (Sal 63,1b): «Mi carne te anhela, en...»

«Tu gracia vale más que la vida, mis labios te alabarán...»

Salmos (Sal 63,3): «Porque mejor es tu misericordia...»

«Toda mi vida te bendeciré, y en tu nombre alzaré mis manos...»

Salmos (Sal 63,4): «Así te bendeciré en mi...»

«Mi alma está unida a ti, tu diestra me sostiene...»

Salmos (Sal 63,8): «Está mi alma apegada a...»

Juan (Jn 7,37): «Si alguno tiene sed, venga...»","- Uso litúrgico: Salmo matutino por excelencia en Laudes de los domingos y solemnidades, y vigilias bautismales.
- Carácter musical: Contemplativo, lírico, orante, solemne y con ardiente elevación vocal.	"
"Oh Jesús, amor mío",Kiko Argüello,"Oración tradicional de San Alfonso María de Ligorio; Cantar de los Cantares 2,16; Gálatas 2,20",Plegaria íntima y conmovida de consagración total a Jesucristo: dolor por haberlo ofendido en el pasado y súplica apasionada de arder en su santo amor para no separarse jamás de Él.,"- El arrepentimiento por amor contrito: El dolor del pecado no brota del miedo al castigo, sino de la pena profunda de haber ofendido al Amor increado.
- La consagración indivisa: Deseo de pertenecer enteramente a Cristo, entregando la libertad, la voluntad y todos los afectos terrenales.
- La perseverancia final: Súplica imperiosa de que ninguna tentación, ídolo o poder mundano logre romper la comunión esponsal con Jesús.","Cristo se manifiesta como el Amante crucificado y resucitado, el Redentor adorable que cautiva el corazón del hombre con la fuerza irresistible de su entrega en la cruz.","Testimonio del pecador perdonado que, contemplando el amor crucificado de Jesús, llora sus extravíos y entrega toda su existencia al servicio del Evangelio.","«¡Oh Jesús, amor mío, haz que te ame siempre más!...»

Cantares (Ct 2,16): «Mi amado es mío, y...»

«Me pesa de haberte ofendido, oh bondad infinita...»

Lucas (Lc 7,47): «Por lo cual te digo que...»

«No permitas que me separe jamás de ti...»

Romanos (Ro 8,35): «¿Quién nos separará del amor...»

«Ya no vivo yo, es Cristo quien vive en mí...»

Gálatas (Ga 2,20): «Con Cristo estoy juntamente crucificado...»

Juan (Jn 15,4): «Permaneced en mí, y yo...»","- Uso litúrgico: Comunión, acción de gracias, horas santas de adoración al Santísimo Sacramento y vigilias vocacionales.
- Carácter musical: Tierno, suplicante, recogido, pausado y de honda devoción afectiva.	"
Oh luz gozosa,Kiko Argüello,"Himno paleocristiano del siglo III (Phos Hilaron); Juan 8,12","El himno litúrgico más antiguo del encendido de las lámparas: alabanza a Cristo, Luz beatísima y gozosa de la gloria inmortal del Padre celestial, celebrada al declinar el sol con el Padre, el Hijo y el Espíritu Santo.","- La liturgia del Lucernario: Al caer la tarde y encenderse las lámparas, la Iglesia confiesa que Cristo es la Luz inextinguible que disipa la noche del mundo.
- Doxología trinitaria: Alabanza al Padre santo y bienaventurado, al Hijo Jesucristo y al Espíritu Santo Consolador en todo momento y con voces puras.
- Cristo dador de vida: El Hijo de Dios es digno de ser cantado por el universo entero, al cual regala la inmortalidad.","Cristo se manifiesta como la Luz gozosa de la Trinidad, el Salvador del mundo que vence el ocaso terrenal iluminando la noche con su divinidad.","Testimonio de la comunidad reunida al atardecer para el rezo de Vísperas, experimentando cómo la alabanza a Cristo ahuyenta la oscuridad y la fatiga del día.","«Oh luz gozosa de la santa gloria del Padre celeste e inmortal...»

Juan (Jn 8,12): «Otra vez Jesús les habló...»

«Llegados al ocaso del sol, contemplando la luz vespertina...»

Salmos (Sal 104,19): «Hizo la luna para los...»

«Cantamos al Padre, al Hijo y al Espíritu Santo de Dios...»

Mateo (Mt 28,19): «En el nombre del Padre...»

«Digno eres en todo tiempo de ser alabado con voces puras...»

Apocalipsis (Ap 4,11): «Señor, digno eres de recibir...»

1 Juan (1Jn 1,5): «Dios es luz, y no...»","- Uso litúrgico: Rito del Lucernario al inicio de Vísperas solemnes, Vigilia Pascual y vigilias litúrgicas nocturnas.
- Carácter musical: Contemplativo, místico, reposado, solemne y con dulce serenidad crepuscular.	"
Oh muerte ¿dónde está tu victoria?,Kiko Argüello,"1 Corintios 15,54-57; Oseas 13,14",Desafío y burla santa a la muerte y al abismo: la muerte ha sido devorada en la victoria de Cristo resucitado; el aguijón del pecado ha quedado pulverizado gracias a Dios por Jesucristo.,"- La muerte devorada en la victoria: El mayor enemigo del hombre no tiene la última palabra; la Resurrección absorbe y destruye el poder del sepulcro.
- El aguijón del pecado: El aguijón de la muerte es el pecado y la fuerza del pecado es la ley; Cristo desarma ambos en la Cruz.
- Cántico de victoria escatológica: La Iglesia canta desafiando al infierno: «¿Dónde está, muerte, tu victoria? ¿Dónde está, muerte, tu aguijón?».	","Cristo se manifiesta como el Vencedor invicto de la muerte y del infierno, resucitado con poder para hacernos partícipes de su triunfo eterno.","Testimonio exultante del cristiano liberado del pánico a la muerte física y moral, viviendo en la libertad gozosa de los hijos de Dios.","«La muerte ha sido absorbida en la victoria...»

1 Corintios (1Co 15,54): «Sorbida es la muerte en...»

Isaías (Is 25,8): «Destruirá a la muerte para...»

«¿Dónde está, muerte, tu victoria? ¿Dónde está, muerte, tu aguijón?...»

1 Corintios (1Co 15,55): «¿Dónde está, oh muerte, tu...»

Oseas (Os 13,14): «Oh muerte, yo seré tu...»

«El aguijón de la muerte es el pecado... mas ¡gracias a Dios que nos da la victoria por Jesucristo!...»

1 Corintios (1Co 15,56-57): «Ya que el aguijón de...»

Hebreos (Hb 2,14-15): «Para destruir por medio de...»","- Uso litúrgico: Vigilia Pascual, Tiempo Pascual, celebraciones exequiales y aniversarios de difuntos en la fe.
- Carácter musical: Rápido, festivo, burlón contra el mal, danzante y con júbilo desbordante.	"
"Oh Señor, mi corazón ya no es ambicioso",Kiko Argüello,Salmo 131 (130),"El himno de la infancia espiritual y de la humildad: el orante renuncia a grandezas que superan su capacidad, acallando y moderando su alma como un niño recién amamantado en el regazo de su madre.","- Despojo de la ambición y la soberbia: Renuncia radical a pretender ser como dioses; el alma no busca grandezas ni cosas inalcanzables.
- La imagen del niño destetado (*Gamul*): Confianza absoluta no por lo que Dios le da (como el bebé que llora por la leche), sino por estar simplemente en sus brazos con paz.
- La esperanza tranquila en Yahvéh: Invitación a Israel a esperar en el Señor desde ahora y para siempre jamás, libre de ansiedades humanas.",Cristo se manifiesta como el Salvador manso y humilde de corazón que nos enseña a hacernos como niños para entrar en el Reino de los Cielos.,"Testimonio del hermano que antes vivía consumido por el perfeccionismo, el orgullo o la ambición de éxito, y halla la paz descansando en el amor del Padre.","«Señor, mi corazón no es ambicioso, ni mis ojos altaneros...»

Salmos (Sal 131,1): «Yahvéh, no se ha envanecido...»

«No pretendo grandezas que superan mi capacidad...»

Salmos (Sal 131,1b): «Ni anduve en grandezas, ni...»

«Sino que acallo y modero mis deseos, como un niño en brazos de su madre...»

Salmos (Sal 131,2): «En verdad que me he...»

«Espere Israel en el Señor, desde ahora y por siempre...»

Salmos (Sal 131,3): «Espera, oh Israel, en Yahvéh...»

Mateo (Mt 18,3-4): «Si no os volvéis y...»","- Uso litúrgico: Completas, celebraciones penitenciales, pasos de humildad en los escrutinios y momentos de oración silenciosa.
- Carácter musical: Íntimo, sereno, dulce, pausado y con respiración de ternura maternal.	"
"Oh Señor, nuestro Dios",Kiko Argüello,Salmo 8,"Cántico cósmico de admiración ante la gloria de Dios: ¿Qué es el hombre para que te acuerdes de él? Coronado de gloria y dignidad, y constituido señor sobre todas las obras creadas.","- La majestad del Creador: El Nombre del Señor resplandece en toda la tierra y su gloria se eleva por encima de los cielos.
- La alabanza de los niños: De la boca de los pequeños e infantes Dios saca una alabanza perfecta que reduce al silencio al enemigo y al rebelde.
- La dignidad del ser humano: Frente a la inmensidad de las estrellas, el hombre es polvo, mas Dios lo coronó de gloria y honor, poniéndolo todo bajo sus pies.","Cristo se manifiesta como el Verdadero Hijo del Hombre a quien el Padre sometió todas las cosas bajo sus pies, coronándolo de honor mediante su Pasión.","Testimonio del creyente que contempla la belleza del cosmos y el misterio de la existencia, maravillado del amor y la dignidad que Dios le regala gratuitamente.","«¡Oh Señor, nuestro Dios, qué admirable es tu nombre en toda la tierra!...»

Salmos (Sal 8,1): «¡Oh Yahvéh, Señor nuestro, cuán...»

«De la boca de los pequeños y de los niños de pecho has sacado una alabanza...»

Salmos (Sal 8,2): «De la boca de los...»

Mateo (Mt 21,16): «¿Nunca leísteis: De la boca...»

«¿Qué es el hombre para que te acuerdes de él, el ser humano para que de él te cuides?...»

Salmos (Sal 8,4): «Digo: ¿Qué es el hombre...»

«Lo coronaste de gloria y dignidad, le diste el mando sobre las obras de tus manos...»

Salmos (Sal 8,5-6): «Le has hecho poco menor...»

Hebreos (Hb 2,6-9): «¿Qué es el hombre, para...»","- Uso litúrgico: Laudes solemnes, contemplación al aire libre en convivencias, y Eucaristías de acción de gracias por la creación.
- Carácter musical: Solemne, amplio, majestuoso, contemplativo y con fuerza doxológica.	"
Os tomaré de entre las naciones,Kiko Argüello,"Ezequiel 36,24-28","La gran profecía bautismal de la regeneración: Dios congrega a su pueblo disperso, derrama sobre él agua pura lavando todas sus inmundicias, arranca el corazón de piedra y regala un corazón de carne habitado por su Espíritu.","- La reunión del pueblo disperso: Dios toma a los suyos de entre todos los pueblos y culturas para fundar una sola familia santa.
- La purificación bautismal: Aspersión de agua pura que limpia toda idolatría y mancha moral del pasado.
- El trasplante del corazón: Dios sustituye el corazón de piedra (incapaz de amar y perdonar) por un corazón de carne palpitante de compasión.
- La morada del Espíritu Santo: El don del Espíritu que capacita interiormente al creyente para cumplir los mandamientos con alegría filial.",Cristo se manifiesta como el Manantial de agua pura y el Don supremo del Padre que infunde en nosotros su propio Corazón y su Espíritu Santo.,"Testimonio del catecúmeno y del pecador cuya vida estaba endurecida por el rencor, dando fe de cómo Dios ablandó su corazón y le dio capacidad de amar y llorar con los hermanos.","«Os tomaré de entre las naciones, os recogeré de todos los países...»

Ezequiel (Ez 36,24): «Y yo os tomaré de...»

«Derramaré sobre vosotros agua pura y quedaréis limpios de todas vuestras inmundicias...»

Ezequiel (Ez 36,25): «Esparciré sobre vosotros agua limpia...»

«Os daré un corazón nuevo y os infundiré un espíritu nuevo...»

Ezequiel (Ez 36,26a): «Os daré corazón nuevo, y...»

«Arrancaré de vuestra carne el corazón de piedra y os daré un corazón de carne...»

Ezequiel (Ez 36,26b): «Y quitaré de vuestra carne...»

«Infundiré mi Espíritu en vosotros para que caminéis según mis preceptos...»

Ezequiel (Ez 36,27): «Y pondré dentro de vosotros...»

Tito (Tt 3,5): «Por el lavacro de la...»","- Uso litúrgico: Rito de aspersión bautismal, Vigilia Pascual, escrutinios de iniciación cristiana y celebraciones penitenciales.
- Carácter musical: Solemne, procesional, lírico, luminoso y con profunda gravedad esperanzadora.	"
Padre nuestro,Kiko Argüello,"Mateo 6,9-13; Lucas 11,2-4; Romanos 8,15","La oración que Jesús enseñó a sus discípulos: el grito filial del cristiano (*Abbá*) que pide la santificación del Nombre, la llegada del Reino, el pan cotidiano, el perdón fraterno y la liberación del lazo del maligno.","- La audacia de la filiación divina: Atreverse a llamar a Dios «Padre nuestro» sólo es posible por el Espíritu de adopción que clama en nosotros.
- La primacía del Reino y la Voluntad divina: Antes de pedir para las necesidades humanas, el discípulo anhela la gloria y el cumplimiento del designio santo del Padre.
- El pan cotidiano (*Epiousion*): Sustento corporal y, preeminentemente, el Pan eucarístico necesario para el combate de cada día.
- La cláusula del perdón: «Perdona nuestras ofensas como nosotros perdonamos a los que nos ofenden»; el perdón de Dios y el perdón al hermano unidos indisolublemente.
- Líbranos del Maligno: Petición para no sucumbir a la tentación suprema de la apostasía y ser rescatados del demonio.",Cristo se manifiesta como el Hijo Único por cuya gracia entramos en su propia intimidad filial con el Padre celestial.,"Testimonio del creyente que, tras el rito de la Entrega del Padrenuestro (*Traditio Orationis Dominicae*), reza con verdad sabiéndose perdonado y llamado a perdonar a sus enemigos.","«Padre nuestro que estás en los cielos, santificado sea tu nombre...»

Mateo (Mt 6,9): «Padre nuestro que estás en...»

«Venga a nosotros tu reino, hágase tu voluntad en la tierra como en el cielo...»

Mateo (Mt 6,10): «Venga tu reino. Hágase tu...»

«Danos hoy nuestro pan de cada día...»

Mateo (Mt 6,11): «El pan nuestro de cada...»

«Perdona nuestras ofensas, como también nosotros perdonamos a los que nos ofenden...»

Mateo (Mt 6,12): «Y perdónanos nuestras deudas, como...»

«No nos dejes caer en la tentación, y líbranos del mal...»

Mateo (Mt 6,13): «Y no nos metas en...»

Romanos (Ro 8,15): «Por el cual clamamos: ¡Abba...»","- Uso litúrgico: Rito de comunión en la Eucaristía, Laudes, Vísperas y rito de la Traditio/Redditio del Padre Nuestro.
- Carácter musical: Grave, solemne, majestuoso, orante y con alternancia entre el solista y el clamor unánime de la asamblea.	"
Paloma incorrupta,Kiko Argüello,"Cantar de los Cantares 6,9; Tradición de la Inmaculada Concepción; Efesios 5,27","Poema contemplativo y mariano: la Madre de Dios ensalzada como la única, la paloma inmaculada sin mancha de pecado, aurora resplandeciente que engendra la salvación del mundo.","- La Inmaculada Concepción: Preservada de toda corrupción de la culpa original desde el primer instante de su ser por los méritos de Cristo.
- La Única del Esposo: Figura de la Iglesia sin mancha ni arruga, santa e intachable ante la presencia del Altísimo.
- La Paloma mensajera: Símbolo de inocencia, sencillez y pureza espiritual que acoge dócilmente el soplo del Espíritu Santo.",Cristo se manifiesta como el Esposo inmaculado que santifica y embellece a María para hacer de ella morada purísima de la Encarnación.,"Testimonio del cristiano que contempla en la Virgen María el triunfo de la gracia sobre el pecado, animándose a caminar hacia la santidad.","«Una sola es mi paloma, mi perfecta, incorrupta...»

Cantares (Ct 6,9): «Una es la paloma mía...»

«Toda hermosa eres, amiga mía, y en ti no hay mancha...»

Cantares (Ct 4,7): «Toda tú eres hermosa, amiga...»

«Llena eres de gracia, el Señor es contigo...»

Lucas (Lc 1,28): «¡Salve, muy favorecida! El Señor...»

«La aurora que anuncia el sol de justicia...»

Malaquías (Ml 4,2): «Nacerá el Sol de justicia...»

Efesios (Ef 5,27): «A fin de presentársela a...»","- Uso litúrgico: Solemnidad de la Inmaculada Concepción (8 de diciembre), fiestas marianas, Santo Rosario y Vísperas marianas.
- Carácter musical: Dulce, lírico, poético, contemplativo y con suave belleza melódica.	"
Pentecostés,Kiko Argüello,"Hechos 2,1-11; Joel 3,1-5","La irrupción solemne del Espíritu Santo en el Cenáculo: viento impetuoso, lenguas de fuego sobre los apóstoles y el milagro de la predicación entendida por todas las naciones.","- La nueva creación en el Espíritu: El viento recio que renueva la faz de la tierra como en el Génesis primordial.
- Reversión de Babel: La división de las lenguas y la confusión del orgullo humano quedan vencidas por el lenguaje unificador de la caridad divina.
- Nacimiento misionero de la Iglesia: Los discípulos encerrados por miedo a los judíos son transformados en testigos intrépidos hasta los confines del orbe.",Cristo se manifiesta como el Señor Glorificado que cumple su promesa enviando el Espíritu Santo prometido por el Padre sobre su asamblea.,"Testimonio del creyente paralizado por complejos o cobardía, que al recibir el Espíritu Santo pierde el miedo a dar la vida y hablar de Cristo.","«Al llegar el día de Pentecostés estaban todos unánimes juntos...»

Hechos (Hch 2,1): «Cuando llegó el día...»

«Y se oyó de repente un estruendo como de viento impetuoso...»

Hechos (Hch 2,2): «Y de repente vino...»

«Y se les aparecieron lenguas como de fuego posándose sobre cada uno...»

Hechos (Hch 2,3): «Y se les aparecieron...»

«Quedaron todos llenos del Espíritu Santo y comenzaron a hablar en otras lenguas...»

Hechos (Hch 2,4): «Y fueron todos llenos...»

Joel (Jl 2,28): «Derramaré mi Espíritu sobre...»","- Uso litúrgico: Solemnidad de Pentecostés, Vigilia de Pentecostés y ritos de confirmación.
- Carácter musical: Impetuoso, solemne, coral, enérgico y con explosión de júbilo apostólico.	"
"Plegaria Eucarística II, Modelo I",Kiko Argüello,"Misal Romano: Plegaria Eucarística II (Tradición de San Hipólito); 1 Corintios 11,23-26","Melodía litúrgica para la Anáfora Eucarística II: acción de gracias por la creación y la redención, epíclesis consagratoria del pan y del vino, memorial pascual e intercesión eclesial universal.","- Acción de gracias (*Eucharistía*): Bendición al Padre por medio de Jesucristo, su Verbo eterno por quien hizo todas las cosas.
- Epíclesis sobre los dones: Efusión del Espíritu Santo para que el pan y el vino se conviertan en el Cuerpo y la Sangre de Cristo.
- Memorial del sacrificio pascual (*Anámnesis*): Al celebrar el memorial de la muerte y resurrección, la Iglesia ofrece el pan de vida y el cáliz de salvación.
- Comunión de la Iglesia: Súplica para que el Espíritu congregue en la unidad al Papa, obispos, clero y a todo el pueblo santo.",Cristo se manifiesta como el Salvador crucificado y resucitado que en la última cena instituye el memorial permanente de su entrega pascual.,"Testimonio del sacerdote y de la asamblea que entra en el misterio del sacrificio de Cristo, renovando su propia ofrenda viva a Dios.","«Santo eres en verdad, Señor, fuente de toda santidad...»

Isaías (Is 6,3): «Santo, santo, santo, Yahvéh...»

«Santifica estos dones con la efusión de tu Espíritu...»

Ezequiel (Ez 37,9): «Ven de los cuatro...»

«Tomad y comed todos de él, porque esto es mi cuerpo...»

Mateo (Mt 26,26): «Tomad, comed; esto es...»

«Tomad y bebed todos de él, porque este es el cáliz de mi sangre...»

Mateo (Mt 26,27-28): «Bebed de él todos...»

1 Corintios (1Co 11,26): «Todas las veces que...»","- Uso litúrgico: Plegaria Eucarística cantada por el presbítero durante la celebración de la Santa Misa.
- Carácter musical: Sacerdotal, solemne, venerable, orante y profundamente sagrado.	"
"Plegaria Eucarística II, Modelo II (1987)",Kiko Argüello,Misal Romano: Plegaria Eucarística II (Adaptación melódica de 1987),"Variación melódica solemne y participativa de la Plegaria Eucarística II, enfatizando las respuestas aclamativas de la asamblea en el memorial y la doxología final.","- Participación activa de la asamblea: El pueblo ratifica con sus aclamaciones cantadas la consagración y la ofrenda del memorial.
- El misterio de la fe: Proclamación del kerygma en el corazón de la misa: «Anunciamos tu muerte, proclamamos tu resurrección, ¡ven, Señor Jesús!».
- Doxología trinitaria: «Por Cristo, con él y en él... a ti, Dios Padre omnipotente... todo honor y toda gloria».","Cristo se manifiesta como el Único Mediador entre Dios y los hombres, presente de forma real y sustancial bajo las especies del pan y del vino.","Testimonio de la comunidad que se une al sacrificio de Cristo con un solo corazón, sellando la plegaria con el Gran Amén.","«Este es el sacramento de nuestra fe...»

1 Timoteo (1Tm 3,16): «Grande es el misterio...»

«Anunciamos tu muerte, proclamamos tu resurrección, ¡ven, Señor Jesús!...»

1 Corintios (1Co 11,26): «La muerte del Señor...»

«Por Cristo, con él y en él... todo honor y toda gloria...»

Romanos (Ro 11,36): «Porque de él, y...»

Apocalipsis (Ap 22,20): «¡Amén! Sí, ven, Señor...»","- Uso litúrgico: Plegaria Eucarística ordinaria en domingos y fiestas en las comunidades neocatecumenales.
- Carácter musical: Solemne, litúrgico, con rica interacción entre el presidente y la asamblea.	"
Plegaria eucarística IV,Kiko Argüello,Misal Romano: Plegaria Eucarística IV (Inspiración en la anáfora de San Basilio); Génesis 1-3,"La gran anáfora bíblica que canta la historia de la salvación: desde la creación del hombre a imagen de Dios, su caída y las sucesivas alianzas, hasta la plenitud de la Encarnación y la Pascua.","- La pedagogía de las alianzas: Dios nunca abandonó al hombre tras el pecado; tendió la mano a todos para que, buscándolo, lo encontraran.
- La plenitud de los tiempos: Envío del Hijo unigénito, concebido por el Espíritu Santo en el seno de María, para evangelizar a los pobres y liberar a los cautivos.
- Consumación de la ofrenda: Memorial del sacrificio redentor que reconcilia al mundo entero con el Padre.","Cristo se manifiesta como el Redentor prometido a los profetas y patriarcas, el Hombre Nuevo que restaura la imagen divina perdida por Adán.","Testimonio del creyente que contempla la inmensa paciencia y fidelidad histórica de Dios, reconociéndose abrazado por ese amor redentor.","«Te alabamos, Padre santo, porque eres grande y porque hiciste todas las cosas con sabiduría y amor...»

Salmos (Sal 104,24): «¡Cuán innumerables son tus...»

«A imagen tuya creaste al hombre y le encomendaste el universo entero...»

Génesis (Gn 1,27): «Y creó Dios al...»

«Y cuando por desobediencia perdió tu amistad, no lo abandonaste al poder de la muerte...»

Génesis (Gn 3,15): «Y pondré enemistad entre...»

«Reiteraste además tus alianzas a los hombres y por los profetas los fuiste llevando...»

Hebreos (Hb 1,1-2): «Dios, habiendo hablado muchas...»

Lucas (Lc 4,18): «El Espíritu del Señor...»","- Uso litúrgico: Celebraciones eucarísticas dominicales en Tiempo Ordinario o celebraciones centradas en la historia de la salvación.
- Carácter musical: Majestuoso, narrativo, solemne, contemplativo y sacerdotal.	"
Por el amor de mis amigos,Kiko Argüello,"Salmo 122 (121),6-9",Súplica ardiente por la paz de Jerusalén y de la comunidad: «Por el amor de mis hermanos y amigos diré: ¡La paz contigo! Por la casa del Señor nuestro Dios te desearé todo bien».,"- El amor fraterno desinteresado: Desear la paz y el bienestar del hermano no por interés egoísta, sino por el amor que brota de la comunión en Dios.
- La santidad de la Iglesia: El celo y cuidado por la Casa del Señor impulsa a buscar el bien espiritual de todos los miembros.
- El don de la paz (*Shalom*): Bendición sobre las murallas y baluartes de la comunidad para que permanezca libre de división y odio.",Cristo se manifiesta como el Reconciliador y el Buen Pastor que derrama su paz sobre sus discípulos y edifica la Iglesia sobre el amor fraterno.,Testimonio del cristiano que renuncia a guardar agravios y decide buscar activamente el perdón y la reconciliación con sus hermanos.,"«Pedid la paz para Jerusalén; vivan seguros los que te aman...»

Salmos (Sal 122,6): «Pedid por la paz...»

«Haya paz dentro de tus muros, y seguridad en tus palacios...»

Salmos (Sal 122,7): «Sea la paz dentro...»

«Por amor de mis hermanos y amigos diré: ¡La paz esté contigo!...»

Salmos (Sal 122,8): «Por amor de mis...»

«Por amor a la casa del Señor nuestro Dios buscaré tu bien...»

Salmos (Sal 122,9): «Por amor a la...»

Juan (Jn 14,27): «Mi paz os doy...»","- Uso litúrgico: Rito de la Paz en la Eucaristía, ágapes fraternos, celebraciones de reconciliación y despedidas misioneras.
- Carácter musical: Entrañable, cálido, pacificador, sereno y con aire hebreo.	"
Por qué esta noche es diferente,Kiko Argüello,Hagadá de Pésaj (Las cuatro preguntas: «Ma Nishtaná»); Éxodo 12-13,"El rito pedagógico pascual: los hijos preguntan a sus padres por qué esta noche santa es distinta de todas las demás noches del año, introduciendo el memorial del Éxodo.","- La pedagogía de la memoria viva (*Zikkaron*): La fe no se transmite como teoría abstracta, sino respondiendo al asombro de los hijos en la noche pascual.
- La noche de la liberación: En esta noche comemos sólo panes ácimos y hierbas amargas porque fuimos esclavos del Faraón y Dios nos sacó con brazo extendido.
- Actualización salvífica: Cada creyente debe considerarse a sí mismo como si él personalmente hubiera salido de Egipto hoy.",Cristo es el Verdadero Cordero Pascual cuya sangre en los dinteles libra de la muerte y cuyo paso hace única y santa esta noche.,Testimonio familiar de la cena pascual donde los padres proclaman ante sus hijos la liberación concreta que Cristo ha hecho en sus vidas y matrimonios.,"«¿Por qué esta noche es diferente de todas las demás noches?...»

Éxodo (Ex 12,26): «Y cuando os dijeren...»

«Porque en todas las noches comemos pan con levadura o sin ella, pero esta noche solo ácimos...»

Éxodo (Ex 13,8): «Y contarás en aquel...»

«Esclavos fuimos del Faraón en Egipto, mas Yahvéh nos sacó con mano fuerte...»

Deuteronomio (Dt 6,21): «Entonces dirás a tu...»

1 Corintios (1Co 5,7-8): «Porque nuestra pascua, que...»","- Uso litúrgico: Séder de la Cena Pascual familiar (Pésaj), Vigilia Pascual y encuentros de transmisión de la fe a los hijos.
- Carácter musical: Dialógico, infantil, festivo, tradicional y progresivo.	"
Por qué las gentes conjuran,Kiko Argüello,"Salmo 2; Hechos 4,24-28",El gran salmo de la soberanía divina frente a la rebelión del mundo: los reyes de la tierra se alían contra el Señor y su Ungido; Dios se ríe de ellos y proclama a su Rey en el monte Sión.,"- La vanidad de la conspiración impía: Los poderes políticos, ideológicos y mundanos pretenden romper las ataduras de Dios, sin percibir que son polvo ante el Creador.
- La risa soberana de Dios: Dios no se alarma ante las conspiraciones; se sonríe y establece a su Ungido sobre el monte santo de Sión.
- El decreto de la filiación: «Tú eres mi hijo, yo te he engendrado hoy»; revelación del misterio divino de la victoria de Cristo sobre la muerte.",Cristo se manifiesta como el Mesías Rey y el Hijo Engendrado a quien el Padre entrega las naciones como herencia y los confines de la tierra en posesión.,"Testimonio de la Iglesia primitiva y actual que, ante la persecución y censura de los imperios, ora unánime sin miedo sabiendo que Cristo es el Señor de la historia.","«¿Por qué se amotinan las gentes y los pueblos traman cosas vanas?...»

Salmos (Sal 2,1): «¿Por qué se amotinan...»

Hechos (Hch 4,25): «Que por boca de...»

«Se levantan los reyes de la tierra contra el Señor y contra su Ungido...»

Salmos (Sal 2,2): «Se levantarán los reyes...»

«El que se sienta en los cielos se sonríe, el Señor se burla de ellos...»

Salmos (Sal 2,4): «El que mora en...»

«Tú eres mi hijo, yo te he engendrado hoy...»

Salmos (Sal 2,7): «Yo publicaré el decreto...»

Hebreos (Hb 1,5): «Mi Hijo eres tú...»","- Uso litúrgico: Vigilia Pascual, tiempo de Navidad, fiesta del Bautismo del Señor y celebraciones de combate espiritual.
- Carácter musical: Impetuoso, enérgico, marcial, desafiante y con gran firmeza rítmica.	"
Porque mi yugo es suave,Kiko Argüello,"Mateo 11,28-30","La consoladora invitación de Jesús a los agobiados: «Venid a mí todos los que estáis cansados y agobiados, y yo os aliviaré; cargad con mi yugo y aprended de mí, que soy manso y humilde de corazón».","- El alivio para los fatigados: Cristo no impone cargas pesadas como los letrados y fariseos; ofrece descanso al alma extenuada por el legalismo o el pecado.
- El yugo del amor: El yugo de Cristo es suave y su carga ligera porque se lleva en comunión con Él y se fundamenta en la gracia, no en las fuerzas humanas.
- El discipulado de la mansedumbre: Aprender de Jesús a no violentarse, acoger la pequeñez y hallar la paz en la humildad.","Cristo se manifiesta como el Maestro manso y compasivo, refugio de los humildes y manantial de descanso para los atribulados.","Testimonio del pecador aplastado por el peso de sus culpas y afanes que, al entregarse a Cristo, experimenta una ligereza y una paz inefables.","«Venid a mí todos los que estáis cansados y agobiados, y yo os aliviaré...»

Mateo (Mt 11,28): «Venid a mí todos...»

«Tomad mi yugo sobre vosotros y aprended de mí, que soy manso y humilde de corazón...»

Mateo (Mt 11,29a): «Llevad mi yugo sobre...»

«Y encontraréis descanso para vuestras almas...»

Mateo (Mt 11,29b): «Y hallaréis descanso para...»

Jeremías (Jr 6,16): «Y hallaréis descanso para...»

«Porque mi yugo es suave y mi carga ligera...»

Mateo (Mt 11,30): «Porque mi yugo es...»

1 Juan (1Jn 5,3): «Y sus mandamientos no...»","- Uso litúrgico: Comunión, celebraciones penitenciales, retiro espiritual y oraciones por los enfermos y atribulados.
- Carácter musical: Tierno, dulce, sereno, pastoral y profundamente pacificador.	"
Prefacio para Adviento y Navidad,Kiko Argüello,Misal Romano: Prefacios de Adviento y de Navidad; Lucas 1; Juan 1,Solemne diálogo inicial y prefacio litúrgico cantado que bendice a Dios por el doble advenimiento de Cristo: su primera venida en la humildad de nuestra carne y su retorno glorioso al fin de los tiempos.,"- El misterio de las dos venidas: La primera en pobreza para rescatar al hombre; la segunda en majestad para consumar el Reino y juzgar al mundo.
- La admiración de la Encarnación: En Cristo encarnado resplandece un nuevo destello de la gloria de Dios; al conocerlo visiblemente somos arrebatados al amor invisible.
- Coro celestial de alabanza: Unión de las voces terrenales con los ángeles, arcángeles, tronos y dominaciones para cantar el Santo.","Cristo se manifiesta como el Verbo Encarnado, Luz de las naciones y Rey de la gloria que une el cielo y la tierra.",Testimonio del sacerdote y del pueblo que se disponen con temor santo y alegría pura a entrar en el canon eucarístico.,"«El Señor esté con vosotros. Y con tu espíritu...»

Rut (Rt 2,4): «Yahvéh sea con vosotros...»

«Levantemos el corazón. Lo tenemos levantado hacia el Señor...»

Lamentaciones (Lm 3,41): «Levantemos nuestros corazones con...»

«En verdad es justo y necesario darte gracias, Padre santo...»

Salmos (Sal 100,4): «Entrad por sus puertas...»

«Por el misterio de la palabra encarnada, una nueva luz de tu gloria ha brillado...»

Juan (Jn 1,14): «Y aquel Verbo fue...»

Isaías (Is 6,3): «Y el uno al...»","- Uso litúrgico: Inicio de la Plegaria Eucarística en el Tiempo de Adviento y solemnidades de Navidad y Epifanía.
- Carácter musical: Sacerdotal, solemne, majestuoso, con diálogo litúrgico dialogado y tono solemne.	"
Prefacio para el tiempo Pascual,Kiko Argüello,"Misal Romano: Prefacios Pascuales; 1 Corintios 5,7-8; Romanos 6,9-10","El himno sacerdotal culmen de la Eucaristía pascual: proclamar la gloria de Dios en este tiempo en que Cristo, nuestra Pascua, ha sido inmolado, destruyendo nuestra muerte y restaurando nuestra vida.","- Cristo Cordero inmolado: Muriendo destruyó nuestra muerte; resucitando nos devolvió la vida inmortal.
- Desborde de alegría cósmica: Por eso, con esta efusión de gozo pascual, el mundo entero desborda de alegría y las jerarquías angélicas cantan sin cesar.
- El triunfo de la vida: La víctima pascual viva para siempre que reconcilia a los pecadores con el Padre.","Cristo se manifiesta como la Pascua Viva, el Cordero sacrificado que reina inmortal y ofrece su victoria a la asamblea reunida.","Testimonio exultante de la Iglesia en la Vigilia Pascual, que confiesa que la resurrección de Jesucristo es el acontecimiento central que transforma la historia entera.","«En verdad es justo y necesario, es nuestro deber y salvación glorificarte siempre, Señor...»

Salmos (Sal 118,1): «Alabad a Yahvéh, porque...»

«Pero más que nunca en este tiempo en que Cristo, nuestra Pascua, fue inmolado...»

1 Corintios (1Co 5,7): «Porque nuestra pascua, que...»

«Porque muriendo destruyó nuestra muerte, y resucitando restauró la vida...»

Romanos (Ro 6,9): «Sabiendo que Cristo, habiendo...»

2 Timoteo (2Tm 1,10): «El cual quitó la...»

Apocalipsis (Ap 5,12): «El Cordero que fue...»","- Uso litúrgico: Plegaria Eucarística de la Vigilia Pascual, Octava de Pascua y todos los domingos del Tiempo Pascual.
- Carácter musical: Triunfal, solemne, sacerdotal, con majestuosa cadencia melódica litúrgica.	"
Pregón Pascual,Kiko Argüello,Liturgia de la Vigilia Pascual (Praeconium Paschale / Exsultet),"El gran anuncio lírico de la noche santa: exulten los coros de los ángeles, alégrese la tierra inundada de tanta claridad y resuene este templo con las aclamaciones del pueblo santo.","- La noche más dichosa: La única noche que mereció conocer el tiempo y la hora en que Cristo resucitó de entre los muertos.
- La columna de fuego: Como la nube en el Éxodo, la luz de Cristo disipa las tinieblas del pecado del mundo.
- La culpa de Adán rescatada: Misterio del amor divino que para rescatar al esclavo entregó al propio Hijo: «¡Oh feliz culpa que mereció tal Redentor!».
- Victoria sobre el sepulcro: Esta es la noche en que, rotas las cadenas de la muerte, Cristo asciende victorioso del abismo.","Cristo se manifiesta como la Luz increada, el Lucero matutino que no conoce ocaso y el Cordero Pascual que paga por nosotros al eterno Padre la deuda de Adán.","Testimonio exultante de la asamblea reunida en torno al cirio pascual en la oscuridad de la noche, experimentando que la muerte ha sido vencida.","«Exulte el coro de los ángeles, exulte la asamblea celeste...»

Apocalipsis (Ap 19,1): «Oí una gran voz de...»

«Esta es la noche en que Cristo, rotas las cadenas de la muerte, asciende victorioso del abismo...»

1 Corintios (1Co 15,54): «Sorbida es la muerte en...»

«¡Oh feliz culpa, que mereció tal y tan grande Redentor!...»

Romanos (Ro 5,20): «Donde el pecado abundó, sobreabundó...»

«El lucero matutino que no conoce ocaso, Jesucristo resucitado...»

Apocalipsis (Ap 22,16): «Yo soy... la estrella resplandeciente...»

Éxodo (Ex 14,20): «Y era nube y tinieblas...»","- Uso litúrgico: Proclamación ante el Cirio Pascual tras la procesión de entrada en la Vigilia Pascual.
- Carácter musical: Solemne, majestuoso, lírico, ardiente y de máxima exaltación festiva.	"
Pregón Pascual,Kiko Argüello,Liturgia de la Vigilia Pascual (Exsultet breve),Forma abreviada y procesional del pregón pascual que proclama la alegría cósmica de la resurrección y la bendición solemne del cirio de cera virgen.,"- La luz que disipa la noche: En medio de las tinieblas de la historia, la llama del cirio representa la presencia viva de Cristo resucitado.
- La consagración del cirio: Ofrenda vespertina de la cera elaborada por las abejas, símbolo de la virginidad y pureza del sacrificio de la Iglesia.
- Comunión de los redimidos: El canto une a la Iglesia terrestre con los coros celestes en una sola alabanza ininterrumpida.",Cristo se manifiesta como el Cirio ardiente que consume su vida por amor y brilla resplandeciente en medio de la asamblea.,Testimonio de quien llega a la Pascua cargado de sufrimientos y ve disiparse el luto al encenderse el cirio que anuncia la vida eterna.,"«Alégrese la tierra inundada de tanta claridad...»

Isaías (Is 60,1): «Levántate, resplandece; porque ha...»

«Acepta, Padre santo, el sacrificio vespertino de esta llama...»

Salmos (Sal 141,2): «Suba mi oración delante de...»

«Te rogamos, Señor, que este cirio arda sin apagarse para disipar la oscuridad...»

Lucas (Lc 12,35): «Estén ceñidos vuestros lomos...»

2 Pedro (1P 1,19): «Como a una antorcha que...»","- Uso litúrgico: Vigilia Pascual y celebraciones litúrgicas de la Octava de Pascua.
- Carácter musical: Festivo, solemne, brillante y de carácter aclamativo.	"
"Pregón Pascual, «Exsultet» ─ Completo",Kiko Argüello,Texto íntegro del Praeconium Paschale del Misal Romano,"La proclamación poética y teológica exhaustiva del Misterio Pascual: la historia de la salvación, la redención del esclavo, las propiedades místicas de la noche y el elogio de la cera pascual.","- La mística de la noche santa: La noche que ahuyenta los pecados, lava las culpas, devuelve la inocencia a los caídos y la alegría a los tristes.
- Conciliación de cielo y tierra: Noche en que se unen las realidades celestiales con las terrenas, lo divino con lo humano.
- El precio del rescate: «¿De qué nos hubiera servido nacer si no hubiéramos sido rescatados?»; centralidad ontológica de la redención en Cristo.
- El cirio incombustible: Llama que se reparte sin merma y destruye las tinieblas hasta el retorno glorioso del lucero.",Cristo se manifiesta como el Redentor eterno y Cordero Inmaculado que cancela la nota de cargo que nos era contraria y reina vivo para siempre.,Testimonio de la Iglesia universal que año tras año proclama en vela que no hay acontecimiento comparable en la tierra a la resurrección de Jesucristo.,"«¿De qué nos hubiera servido nacer, si no hubiéramos sido rescatados?...»

Efesios (Ef 1,7): «En quien tenemos redención por...»

«¡Qué noche tan dichosa, en que se une el cielo con la tierra!...»

Colosenses (Col 1,20): «Y por medio de él...»

«Esta es la noche de la que estaba escrito: La noche brillará como el día...»

Salmos (Sal 139,12): «Aun las tinieblas no encubren...»

«Que este cirio se mezcle con las lumbreras celestes...»

Apocalipsis (Ap 21,23): «La ciudad no tiene necesidad...»

Colosenses (Col 2,14): «Anulando el acta de los...»","- Uso litúrgico: Solemne proclamación en la Vigilia Pascual según el texto litúrgico oficial íntegro.
- Carácter musical: Muy solemne, dramático, majestuoso, lírico y con amplio registro melódico.	"
Qué amables son tus moradas,Kiko Argüello,Salmo 84 (83),"El cántico de la nostalgia y del deleite en el santuario: «¡Qué amables son tus moradas, Señor de los ejércitos! Mi alma se consume y anhela los atrios del Señor; hasta el gorrión ha encontrado casa y la golondrina un nido donde colocar sus polluelos».","- El anhelo de la presencia divina: Todo el ser del hombre (corazón y carne) clama por el Dios vivo; nada terrenal calma su anhelo.
- La bienaventuranza de habitar en la casa de Dios: Dichosos los que moran en tus atrios, siempre te alabarán.
- El valle del llanto transformado en manantial: Quienes peregrinan apoyados en Dios transforman el dolor en fuentes de agua viva y crecen en vigor de camino hacia Sión.
- Un día en tus atrios: Vale más un solo día en la presencia de Dios que mil lejos de Él; mejor es estar en el umbral de su casa que morar en las tiendas impías.",Cristo se manifiesta como el Altar verdadero y el Nido seguro donde los pequeños e indefensos encuentran descanso y protección eterna.,"Testimonio del creyente que, tras haber vagado por las vanidades del mundo, experimenta que habitar en la asamblea de los hermanos colma su vida de paz.","«¡Qué amables son tus moradas, Señor de los ejércitos!...»

Salmos (Sal 84,1): «¡Cuán amables son tus moradas...»

«Mi alma se consume y anhela los atrios del Señor...»

Salmos (Sal 84,2): «Codicia y aun ardientemente desea...»

«Hasta el gorrión ha encontrado una casa, y la golondrina un nido junto a tus altares...»

Salmos (Sal 84,3): «Aun el gorrión halla casa...»

«Dichosos los que habitan en tu casa, alabándote siempre...»

Salmos (Sal 84,4): «Bienaventurados los que habitan en...»

«Vale más un día en tus atrios que mil fuera de ellos...»

Salmos (Sal 84,10): «Porque mejor es un día...»

Juan (Jn 14,2): «En la casa de mi...»","- Uso litúrgico: Canto de comunión, Laudes festivos, dedicación de templos y celebraciones de iniciación al santuario.
- Carácter musical: Contemplativo, dulce, lírico, sereno y con profunda unción afectiva.	"
"Qué estupendo, qué alegría",Kiko Argüello,Salmo 133 (132) (Variante rítmica popular),Aclamación popular y festiva de la vida fraterna en comunidad: la maravilla de los hermanos viviendo en comunión bajo la unción del Espíritu Santo y la bendición divina de la vida eterna.,"- La belleza visible de la unidad: La comunión vivida no es una abstracción; es una experiencia concreta que provoca estupor y alegría contagiosa.
- El aceite y el rocío: Símbolos de abundancia espiritual que descienden de la cabeza del sacerdote y sobre las colinas secas, fecundando la historia.
- La bendición prometida: El lugar donde los hermanos se aman es el ámbito escogido por Dios para derramar su bendición y la vida eterna.",Cristo se manifiesta como el Buen Pastor que reúne a su rebaño disperso y derrama sobre él la reconciliación y la paz de la resurrección.,"Testimonio del asombro que sienten familiares y vecinos al ver convivir en paz a personas de diferentes estratos, caracteres e ideologías en una sola comunidad.","«¡Qué estupendo, qué alegría, convivir los hermanos unidos!...»

Salmos (Sal 133,1): «¡Mirad cuán bueno y cuán...»

«Es como el aceite fino en la cabeza que baja por la barba...»

Salmos (Sal 133,2): «Es como el buen óleo...»

«Allí envía el Señor la bendición, la vida para siempre...»

Salmos (Sal 133,3): «Porque allí envía Yahvéh bendición...»

Juan (Jn 13,35): «En esto conocerán todos que...»

Hechos (Hch 2,46-47): «Y perseverando unánimes cada día...»","- Uso litúrgico: Acogida, despedida de la Eucaristía, ágapes fraternos y encuentros comunitarios alegres.
- Carácter musical: Festivo, acelerado, danzante, rítmico y coral.	"
Quién es esta que sube del desierto,Kiko Argüello,"Cantar de los Cantares 3,6; 8,5-6","El asombro contemplativo ante la Esposa que asciende del desierto apoyada en el brazo de su Amado, perfumada de mirra e incienso: el amor es fuerte como la muerte y las grandes aguas no lo apagarán.","- La subida del desierto: El éxodo espiritual; el alma y la Iglesia purificadas en la aridez de las pruebas ascienden apoyadas exclusivamente en la gracia de Cristo.
- El perfume de mirra e incienso: Símbolos de la Pasión aceptada (mirra) y de la oración continua (incienso de todos los aromas).
- El amor más fuerte que la muerte: La caridad divina tiene la fuerza irrevocable del fuego divino; los torrentes del pecado y las tribulaciones no pueden apagarlo.",Cristo se manifiesta como el Esposo fuerte y tierno sobre cuyo brazo descansa la Iglesia para subir vencedora de las pruebas del mundo.,Testimonio del alma que ha atravesado arideces existenciales y comprueba que salir del desierto apoyada en Cristo la colma de una fuerza y un perfume espiritual nuevos.,"«¿Quién es esta que sube del desierto, apoyada sobre su amado?...»

Cantares (Ct 8,5): «¿Quién es esta que sube...»

«Columna de humo perfumada de mirra y de incienso...»

Cantares (Ct 3,6): «¿Quién es esta que sube...»

«Ponme como un sello sobre tu corazón, como un sello sobre tu brazo...»

Cantares (Ct 8,6a): «Ponme como un sello sobre...»

«Porque fuerte como la muerte es el amor... las muchas aguas no podrán apagarlo...»

Cantares (Ct 8,6b-7): «Porque fuerte es como la...»

Romanos (Ro 8,38-39): «Por lo cual estoy seguro...»","- Uso litúrgico: Fiestas marianas (Asunción de María), bodas comunitarias, vigilias de comunión y tiempo pascual.
- Carácter musical: Poético, místico, lírico, reposado y con atmósfera contemplativa solemne.	"
Quién nos separará,Kiko Argüello,"Romanos 8,31-39","El himno triunfal de la seguridad de la fe: si Dios está por nosotros, ¿quién contra nosotros? Nada en la creación, ni la tribulación, ni la muerte, ni poder alguno podrá separarnos del amor de Dios manifestado en Cristo Jesús.","- La predilección del Padre: El que no perdonó a su propio Hijo, sino que lo entregó por todos nosotros, ¿cómo no nos dará con Él todas las cosas?
- Nadie puede acusar ni condenar: Dios es el que justifica; Cristo es quien murió, resucitó y está sentado a la derecha del Padre intercediendo por nosotros.
- Más que vencedores: En medio del hambre, desnudez, espada o persecución somos más que vencedores gracias a Aquel que nos amó.
- La indisolubilidad del amor: Ni la muerte, ni la vida, ni ángeles ni principados podrán separarnos de Cristo.",Cristo se manifiesta como el Intercesor supremo y el Amor encarnado en quien el creyente halla una roca inquebrantable frente a cualquier adversidad.,"Testimonio conmovedor del cristiano probado por tribulaciones graves, que experimenta que el amor de Cristo lo sostiene y le da una paz inquebrantable frente a cualquier peligro.","«¿Quién nos separará del amor de Cristo?...»

Romanos (Ro 8,35): «¿Quién nos separará del amor...»

«¿La tribulación, la angustia, la persecución, el hambre, la desnudez, el peligro o la espada?...»

Romanos (Ro 8,35b): «¿Tribulación, o angustia, o...»

«Pero en todas estas cosas somos más que vencedores por medio de aquel que nos amó...»

Romanos (Ro 8,37): «Antes, en todas estas cosas...»

«Porque estoy seguro de que ni la muerte ni la vida... nos podrá separar del amor de Dios...»

Romanos (Ro 8,38-39): «Por lo cual estoy seguro...»

Salmos (Sal 27,1): «Yahvéh es mi luz y...»","- Uso litúrgico: Eucaristías de confirmación, funerales cristianos, pasos del camino de perseverancia y tiempos de persecución.
- Carácter musical: Solemne, orante, con creciente intensidad vocal y majestuosa afirmación triunfal.	"
"Quiero andar, madre, a Jerusalén",Kiko Argüello,"Poema anónimo del Siglo de Oro español; Lucas 9,51; Hebreos 12,22","El anhelo íntimo del discípulo de peregrinar hacia la Jerusalén del dolor y de la gloria, pidiendo a la Madre que le dé su bendición para subir al Calvario tras las huellas de su Señor.","- La determinación de subir a Jerusalén: Como Jesús afirmó su rostro para subir a la Ciudad Santa a dar la vida, el discípulo asume voluntariamente el camino de la cruz.
- La mediación maternal en el martirio: El alma acude a María pidiendo su amparo y su bendición para no retroceder ante el sufrimiento.
- Jerusalén celestial: La meta de la peregrinación terrenal que culmina en la reconciliación del Calvario y la Pascua eterna.",Cristo se manifiesta como el Maestro que marcha delante de sus discípulos con paso firme hacia el Gólgota para vencer a la muerte.,Testimonio del joven o creyente que renuncia a las comodidades del mundo y pide la ayuda de la Virgen para entregar su juventud y su vida en la misión.,"«Quiero andar, madre, a Jerusalén, a ver a mi dulce Jesús...»

Lucas (Lc 9,51): «Cuando se cumplió el tiempo...»

«Dame tu bendición, madre, que voy a Jerusalén...»

Juan (Jn 19,26): «Cuando vio Jesús a...»

«Donde el Señor dio la vida por salvar a los hombres...»

Hebreos (Hb 12,2): «Puestos los ojos en Jesús...»

Lucas (Lc 18,31): «Tomando Jesús a los doce...»

Apocalipsis (Ap 21,2): «La santa ciudad, la nueva...»","- Uso litúrgico: Tiempo de Cuaresma, Semana Santa, peregrinaciones a Tierra Santa y vigilias vocacionales.
- Carácter musical: Poético, lírico, tradicional hispánico, quejumbroso y con serena determinación.	"
Quiero cantar,Kiko Argüello,"Salmo 57 (56),8-12; Salmo 108 (107),1-6","Himno luminoso de la aurora: el salmista despierta su alma con salterio y cítara, decidido a cantar y bendecir al Señor entre los pueblos por la inmensidad de su misericordia.","- La firmeza del corazón redimido: «Firme está mi corazón, oh Dios; quiero cantar y tocar para ti»; corazón pacificado por la fe.
- Despertar a la aurora: Anticipación profética de la resurrección; el creyente disipa las tinieblas de la noche con el cántico de la mañana.
- La misericordia más alta que los cielos: El amor de Dios trasciende toda medida creada; su Nombre merece ser alabado en medio de todas las naciones.","Cristo se manifiesta como el Justo que despierta en la mañana del Domingo, saliendo victorioso del sepulcro para ser ensalzado sobre los cielos.","Testimonio del cristiano que, habiendo vencido una noche oscura de sufrimiento, amanece con el alma llena de cantos de gratitud y alegría hacia Dios.","«Pronto está mi corazón, oh Dios, pronto está mi corazón; quiero cantar y tocar...»

Salmos (Sal 57,7): «Pronto está mi corazón, oh...»

Salmos (Sal 108,1): «Mi corazón está dispuesto, oh...»

«¡Despierta, gloria mía; despertad, arpa y cítara; despertaré a la aurora!...»

Salmos (Sal 57,8): «Despierta, alma mía; despierta...»

«Te alabaré entre los pueblos, Señor; tocaré para ti entre las naciones...»

Salmos (Sal 57,9): «Te alabaré entre los...»

«¡Álzate sobre los cielos, oh Dios, y llene la tierra tu gloria!...»

Salmos (Sal 57,11): «Exaltado seas sobre los cielos...»

Lucas (Lc 1,78): «Nos visitará el sol naciente...»","- Uso litúrgico: Laudes de los domingos, vigilias festivas, Eucaristías de Pascua y encuentros comunitarios alegres.
- Carácter musical: Vivo, exultante, rítmico, luminoso, festivo y coral.	"
Resucitó,Kiko Argüello,"1 Corintios 15,54-57; Mateo 28,6; Colosenses 2,12-15",El himno emblemático y universal del Camino Neocatecumenal: proclamación triunfal y arrolladora de la Resurrección de Jesucristo que derrota a la muerte y regala a la asamblea la alegría de la vida inmortal.,"- El núcleo del Kerygma pascual: «¡Resucitó, resucitó, resucitó, aleluya!»; el hecho central que sostiene toda la fe de la Iglesia.
- La derrota de la muerte: La muerte ha sido vencida para siempre; su aguijón de condenación no puede dañar a los redimidos en Cristo.
- La fraternidad pascual: «Alegría, hermanos, que si hoy nos amamos es que resucitó»; el amor entre los hermanos como prueba incontestable de la resurrección viva de Jesús.","Cristo se manifiesta como el Vencedor absoluto del pecado, del infierno y de la muerte, viviente y glorioso en medio de su pueblo.",Testimonio mundial de miles de comunidades y jóvenes que danzan y cantan con lágrimas de júbilo proclamando que Cristo vive y que su amor salva del miedo y del egoísmo.,"«¡Resucitó, resucitó, resucitó, aleluya!...»

Mateo (Mt 28,6): «No está aquí, pues ha...»

Lucas (Lc 24,34): «Ha resucitado el Señor verdaderamente...»

«La muerte, ¿dónde está la muerte? ¿Dónde está mi muerte? ¿Dónde su victoria?...»

1 Corintios (1Co 15,55): «¿Dónde está, oh muerte, tu...»

«Alegría, hermanos, que si hoy nos amamos es que resucitó...»

1 Juan (1Jn 3,14): «Nosotros sabemos que hemos pasado...»

«Gracias sean dadas al Padre que nos lleva a su reino donde se vive de amor...»

Colosenses (Col 1,12-13): «Con gozo dando gracias al...»

Apocalipsis (Ap 1,18): «Y el que vivo, y...»","- Uso litúrgico: Canto culminante de la Vigilia Pascual, Eucaristías de todo el Tiempo Pascual, jornadas mundiales y misiones populares.
- Carácter musical: Muy rítmico, triunfal, danzante, exultante, con ritmo de danza procesional y coro apoteósico.	"
Salmodiad al Señor,Kiko Argüello,Salmo 47 (46),"Aclamación cósmica y festiva a Dios, Rey de toda la tierra: los pueblos baten palmas y entonan salmos con arte ante el Señor que reina sentado en su trono sagrado.","- La soberanía universal de Yahvéh: Dios no es una deidad tribal o local, sino el Rey soberano y altísimo que somete a los pueblos bajo el cetro de la verdad.
- La liturgia del júbilo: «Batid palmas, pueblos todos; aclamad a Dios con voces de júbilo»; la fe celebrada con el cuerpo y el gozo colectivo.
- La herencia del Amado: Elección de Jacob por amor para ser depositario de las promesas divinas.
- Entronización triunfal: Dios asciende al santuario celeste entre aclamaciones y al toque de trompetas.","Cristo se manifiesta como el Rey Celestial que, tras su pasión, asciende victorioso al cielo y se sienta a la derecha del Padre rigiendo a las naciones.","Testimonio de la comunidad que experimenta cómo la alabanza compartida derriba barreras humanas, haciendo visible el reinado de Dios en la comunión fraterna.","«Pueblos todos, batid palmas; aclamad a Dios con voces de júbilo...»

Salmos (Sal 47,1): «Pueblos todos, batid de...»

«Porque el Señor es excelso y temible, gran Rey sobre toda la tierra...»

Salmos (Sal 47,2): «Porque Yahvéh el Altísimo...»

«Salmodiad a nuestro Dios, salmodiad; salmodiad a nuestro Rey, salmodiad...»

Salmos (Sal 47,6): «Cantad a Dios, cantad...»

«Porque Dios es el Rey de toda la tierra, cantad con maestría...»

Salmos (Sal 47,7): «Porque Dios es el...»

Hechos (Hch 1,9): «Y habiendo dicho estas...»","- Uso litúrgico: Solemnidad de la Ascensión del Señor, Laudes festivos y entrada en celebraciones eucarísticas dominicales.
- Carácter musical: Jubiloso, festivo, enérgico, de marcha rítmica y respuesta coral.	"
"Salve, Reina de los cielos",Kiko Argüello,"Antífona mariana tradicional (Ave Regina Caelorum); Lucas 1,28; Apocalipsis 12,1","Salutación filial a la Virgen María como Soberana celestial, Reina de los ángeles y Puerta santa por donde entró al mundo la Luz de la salvación.","- Realeza maternal: María asociada a la gloria de su Hijo como Reina celestial coronada de doce estrellas.
- La Puerta de la Aurora: Raíz santa y puerta incontaminada de la que brotó el Sol de Justicia para iluminar a los pecadores.
- La belleza inmaculada: «Alégrate, virgen gloriosa, entre todas la más bella»; triunfo definitivo de la gracia divina sobre la fealdad del pecado.",Cristo se manifiesta como la Luz verdadera y el Rey de la gloria que engalanó a su Madre con la plenitud de su santidad.,"Testimonio del creyente que al terminar el día se confía a la intercesión de la Virgen, experimentando descanso espiritual bajo su manto.","«Salve, Reina de los cielos y Señora de los ángeles...»

Apocalipsis (Ap 12,1): «Apareció en el cielo una...»

«Salve, raíz; salve, puerta, que dio paso a nuestra luz...»

Ezequiel (Ez 44,2): «Esta puerta estará cerrada...»

«Alégrate, virgen gloriosa, entre todas la más bella...»

Cantares (Ct 6,10): «¿Quién es esta que...»

«Ruega a Cristo por nosotros...»

Juan (Jn 2,3): «Y faltando el vino...»

Lucas (Lc 1,42): «¡Bendita tú entre las...»","- Uso litúrgico: Conclusión de Completas en Tiempo de Cuaresma, rezo del Santo Rosario y despedidas marianas.
- Carácter musical: Melódico, lírico, solemne, dulce y con reverencia orante.	"
Santo (1977),Kiko Argüello,"Isaías 6,3; Mateo 21,9; Apocalipsis 4,8","Aclamación litúrgica universal que une a la Iglesia con los serafines celestes, proclamando la tres veces santa majestad de Dios y aclamando al que viene en el Nombre del Señor.","- El Trisagio angélico: Proclamación incesante de la santidad ontológica y absoluta de Dios: Santo, Santo, Santo.
- Gloria cósmica: Los cielos y la tierra están llenos de la gloria divina manifestada en la creación y consumada en el Calvario.
- El Hosanna mesiánico: La asamblea terrena acoge a Cristo en el misterio del altar con las mismas palabras de la entrada triunfal en Jerusalén.",Cristo se manifiesta como el Mesías humilde y Rey Santo que entra a entregarse por amor para instaurar la paz eterna.,"Testimonio de la asamblea que se postra en adoración antes de la plegaria consagratoria, sobrecogida ante la presencia inminente de su Señor.","«Santo, Santo, Santo es el Señor, Dios del universo...»

Isaías (Is 6,3): «Y el uno al...»

«Llenos están el cielo y la tierra de tu gloria...»

Habacuc (Hab 3,3): «Su gloria cubrió los...»

«¡Hosanna en las alturas!...»

Mateo (Mt 21,9): «¡Hosanna al Hijo de...»

«Bendito el que viene en el nombre del Señor...»

Salmos (Sal 118,26): «Bendito el que viene...»

Apocalipsis (Ap 4,8): «Santo, santo, santo es...»","- Uso litúrgico: Rito del Sanctus dentro del Ordinario de la Misa en domingos y fiestas.
- Carácter musical: Solemne, procesional, lírico y con amplia resonancia comunitaria.	"
Santo (1982 / Santo de las Barracas),Kiko Argüello,"Isaías 6,3; Marcos 11,9-10; Lucas 19,38","Versión rítmica y ferviente del Santo nacida originariamente en el contexto de la evangelización en las chabolas de Palomeras Altas, con viva participación popular.","- La santidad de Dios entre los pobres: La gloria divina proclamada no desde palacios suntuosos, sino desde la fragilidad del barro humano.
- Alabanza sin adornos mundanos: El clamor directo y ardiente del pueblo que bendice a Aquel que viene a salvarlo del pecado.
- Aclamación unánime: Toda la asamblea congregada en un solo cuerpo para responder con convicción de fe.","Cristo se manifiesta como el Salvador de los marginados y humildes, el Cordero Santo que baja a la tienda de sus hermanos.","Testimonio de quienes descubrieron la presencia real de Dios en la precariedad de la vida, alabando su santidad con alegría sincera.","«Santo, Santo, Santo es el Señor, Dios del universo...»

Isaías (Is 6,3): «Santo, santo, santo, Yahvéh...»

«Cielo y tierra están llenos de tu gloria...»

Salmos (Sal 72,19): «Y toda la tierra sea...»

«¡Hosanna, hosanna en el cielo!...»

Marcos (Mc 11,10): «¡Hosanna en las alturas!...»

«Bendito el que viene en nombre del Señor...»

Lucas (Lc 19,38): «¡Bendito el rey que...»

Juan (Jn 12,13): «¡Hosanna! ¡Bendito el que...»","- Uso litúrgico: Ordinario de la Misa en celebraciones juveniles, eucaristías comunitarias y convivencias.
- Carácter musical: Rítmico, popular, enérgico, vivo y con fuerte arraigo testimonial.	"
Santo (1988),Kiko Argüello,"Isaías 6,3; Salmo 118 (117),26; Apocalipsis 4,8","Formulación melódica más solemne y reposada compuesta en 1988 para asambleas numerosas, subrayando la dimensión trascendente y sacra del memorial eucarístico.","- Misterio de adoración reverente: El canto prepara a la asamblea para contemplar la bajada del Espíritu Santo en la epíclesis.
- La santidad que purifica: Como el carbón encendido que purificó los labios de Isaías, la santidad divina toca al pueblo penitente.
- Bendición al Redentor que viene: Saludo gozoso al Rey manso que entra sacramentalmente bajo las especies eucarísticas.","Cristo se manifiesta como el Santo de Dios (Lc 4,34) que se hace manjar cotidiano para santificar a los pecadores.",Testimonio del asombro sagrado que sobrecoge a la comunidad en el momento cumbre de la liturgia eucarística.,"«Santo, Santo, Santo... Dios del universo...»

Apocalipsis (Ap 4,8): «No cesaban día y...»

«El cielo y la tierra están llenos de tu gloria...»

Números (Nm 14,21): «Toda la tierra será...»

«¡Hosanna en las alturas!...»

Mateo (Mt 21,9): «Hosanna en las alturas...»

«Bendito el que viene en el nombre del Señor...»

Salmos (Sal 118,26): «Bendito el que viene...»

Isaías (Is 6,7): «Y tocando con él...»","- Uso litúrgico: Eucaristías solemnes de Pascua, ordenaciones sacerdotales y domingos de tiempo festivo.
- Carácter musical: Majestuoso, solemne, coral, reposado y de gran elevación litúrgica.	"
Se apresura la salvación,Kiko Argüello,"Habacuc 2,1-4; 3,2-19; Hebreos 10,37-38","La visión profética de Habacuc en la torre de vigía: aunque la promesa tarde, espérala con paciencia, porque ciertamente vendrá y no tardará; el justo vivirá por su fe.","- La centinela en la noche: El creyente apostado sobre la muralla vigilando los signos de los tiempos para escuchar la respuesta divina.
- La fidelidad de la promesa: La profecía tiene un plazo fijado y camina decidida hacia su cumplimiento sin defraudar.
- El justo vive por la fe: Frente a la soberbia del opresor que no prospera, la salvación pertenece al que persevera creyendo en la Palabra contra toda desesperanza.","Cristo se manifiesta como Aquel que viene sin demora (Hb 10,37) para cumplir todas las promesas de redención y premiar la perseverancia de los santos.",Testimonio de quien atraviesa demoras o pruebas prolongadas en su vida familiar y comprueba que la salvación de Dios llega en la hora exacta.,"«Sobre mi guardia estaré, y sobre la fortaleza afirmaré el pie...»

Habacuc (Hab 2,1): «Sobre mi guarda estaré...»

«Aunque la visión tarde, espérala, porque sin duda vendrá y no tardará...»

Habacuc (Hab 2,3): «Aunque la visión tardará...»

«El altivo no tiene alma recta, mas el justo por su fe vivirá...»

Habacuc (Hab 2,4): «He aquí que aquel...»

Romanos (Ro 1,17): «El justo por la...»

Hebreos (Hb 10,37): «Porque aún un poquito...»","- Uso litúrgico: Tiempo de Adviento, celebraciones proféticas de la Palabra y vigilias de perseverancia espiritual.
- Carácter musical: Vigilante, expectante, grave en las estrofas y firme en la aclamación.	"
Se sentó Jesús a la mesa,Kiko Argüello,"Lucas 22,14-20; Juan 13,1-5; 1 Corintios 11,23-25",El relato evangélico de la Última Cena: con ardiente deseo he deseado comer esta Pascua con vosotros antes de padecer; la institución del cáliz de la nueva alianza y la entrega del Cuerpo partido.,"- El ardiente deseo del Salvador (*Desiderio desideravi*): El anhelo infinito de Cristo de entregarse a los suyos en alimento antes de la Pasión.
- La Alianza Nueva en su sangre: Superación definitiva del culto sacrificial del Sinaí sellada con la sangre inmaculada del Redentor.
- El memorial que perpetúa la entrega: «Haced esto en memoria mía»; mandato a la Iglesia para actualizar su presencia real y redentora.",Cristo se manifiesta como el Servidor humilde que lava los pies a los suyos y se entrega libremente como Víctima y Alimento pascual.,"Testimonio de la asamblea reunida ante el altar el Jueves Santo, recibiendo el Pan de vida como prenda del amor extremo de Dios.","«Se sentó Jesús a la mesa con sus doce apóstoles...»

Lucas (Lc 22,14): «Cuando era la hora...»

«Ardientemente he deseado comer esta Pascua con vosotros antes de padecer...»

Lucas (Lc 22,15): «Y les dijo: ¡Cuánto...»

«Tomó el pan, dio gracias, lo partió y se lo dio diciendo: Esto es mi cuerpo...»

Lucas (Lc 22,19): «Y tomó el pan...»

«Este cáliz es la nueva alianza en mi sangre, derramada por vosotros...»

Lucas (Lc 22,20): «De igual manera, después...»

Juan (Jn 13,1): «Habiendo amado a los...»","- Uso litúrgico: Misa de la Cena del Señor (Jueves Santo), canto de comunión y horas de adoración eucarística.
- Carácter musical: Entrañable, solemne, cálido, orante y con profunda intimidad litúrgica.	"
"Señor, ayúdame a no dudar de ti",Kiko Argüello,"Mateo 14,22-33; Marcos 9,24; Salmo 69,1-3","El combate de la fe en medio de la tempestad: Pedro que salta sobre las olas al encuentro de Jesús, comienza a hundirse por el miedo al viento y clama: «¡Señor, sálvame!», mientras Jesús le tiende la mano.","- La llamada sobre las aguas de la muerte: Cristo invita al creyente a realizar lo humanamente imposible: caminar sobre los mares del sufrimiento fiado en su Palabra.
- El peligro de apartar la mirada de Cristo: Al mirar la violencia del oleaje y los propios límites, el miedo hace zozobrar la confianza.
- La mano que rescata: Cristo no deja que el discípulo se ahogue; extiende su brazo inmediatamente diciendo: «Hombre de poca fe, ¿por qué dudaste?».
- La profesión de fe en la barca: La comunidad contempla el milagro y confiesa unánime: «Verdaderamente tú eres el Hijo de Dios».","Cristo se manifiesta como el Señor de los mares y de la muerte, siempre pronto a tender su diestra para levantar al que vacila.",Testimonio del creyente probado por crisis familiares o económicas que siente que se ahoga y experimenta la intervención salvadora de Cristo al gritar por auxilio.,"«Señor, si eres tú, mándame ir hacia ti sobre las aguas...»

Mateo (Mt 14,28): «Entonces le respondió Pedro...»

«Pero al ver la fuerza del viento tuvo miedo y, empezando a hundirse, gritó: ¡Señor, sálvame!...»

Mateo (Mt 14,30): «Pero al ver el...»

«Jesús, extendiendo la mano, lo agarró y le dijo: Hombre de poca fe, ¿por qué has dudado?...»

Mateo (Mt 14,31): «Al momento Jesús, extendiendo...»

Salmos (Sal 69,1): «Sálvame, oh Dios, porque...»

Marcos (Mc 9,24): «Creo; ayuda mi incredulidad...»","- Uso litúrgico: Celebraciones de escrutinios de la fe, retiros espirituales y oraciones comunitarias en tiempos de crisis.
- Carácter musical: Dramático, angustioso en el clamor y pacificado en el rescate divino.	"
"Señor, no me castigues en tu cólera",Kiko Argüello,Salmo 6 (Primer Salmo Penitencial),"Súplica conmovedora del pecador enfermo y extenuado: pide a Dios no ser corregido con ira, confiesa el cansancio de gemir cada noche bañando el lecho en llanto, y experimenta que el Señor ha escuchado su plegaria.","- Petición de indulgencia filial: El orante no rehúye la corrección pedagógica de Dios, sino que suplica que sea atenuada por la ternura del Padre.
- La quiebra física y espiritual por la culpa: «Mis huesos están desencajados, mi alma sumamente turbada»; dolor somático del pecado no confesado.
- El silencio de la tumba: «En la muerte nadie se acuerda de ti; en el abismo, ¿quién te alabará?»; deseo de vivir para proclamar la gloria divina.
- La certeza del perdón: Cambio radical al final del salmo: el Señor escuchó el gemido y hace retroceder avergonzados a los enemigos.",Cristo se manifiesta como el Justo que asumió en Getsemaní la pavorosa congoja de la muerte y el peso de nuestros pecados para rescatarnos de la fosa.,"Testimonio del hermano que en medio de la depresión o de la crisis moral clama desde su lecho de dolor, descubriendo que Dios escucha el suspiro más débil.","«Señor, no me reprendas en tu cólera, no me castigues en tu furor...»

Salmos (Sal 6,1): «Yahvéh, no me reprendas...»

«Misericordia, Señor, que desfallezco; sáname, Señor, que mis huesos tiemblan...»

Salmos (Sal 6,2): «Ten misericordia de mí...»

«Cansado estoy de sollozar, cada noche baño de lágrimas mi lecho...»

Salmos (Sal 6,6): «Me he consumido a...»

«Apartaos de mí, malhechores, que el Señor ha escuchado la voz de mi llanto...»

Salmos (Sal 6,8): «Apartaos de mí, todos...»

Mateo (Mt 7,23): «Apartaos de mí, hacedores...»","- Uso litúrgico: Celebraciones comunitarias de la Penitencia, Laudes de Cuaresma y oración junto a los enfermos graves.
- Carácter musical: Lento, quejumbroso, desgarrador, austero y con resolución de alivio filial al final.	"
"Señor, tú me sondeas y me conoces",Kiko Argüello,Salmo 139 (138),"El salmo supremo de la omnipresencia y omnisciencia amorosa de Dios: me conoces cuando me siento y me levanto, me tejiste en el vientre materno; ¿adónde huiré de tu Espíritu? Tu diestra me guía aun en el abismo más lejano.","- La mirada total y providentemente amorosa: Dios conoce al hombre mejor que el hombre a sí mismo; de lejos percibe sus pensamientos.
- Imposibilidad de huir del Amor divino: Si subo al cielo allí estás; si bajo al abismo o vuelo hasta el confín del mar, allí me alcanza tu mano.
- El milagro de la concepción y la vida: Creados de forma asombrosa; tejidos en lo oculto por las manos divinas antes de que existiera el primer día.
- Purificación final: «Sondéame, oh Dios, y conoce mi corazón; guíame por el camino eterno».",Cristo se manifiesta como el Buen Pastor que conoce a cada una de sus ovejas por su nombre y no abandona a ninguna ni en la sima del sepulcro.,"Testimonio liberador de quien intentó esconderse de Dios en vicios o máscaras, experimentando con lágrimas de gozo que ser conocido por Dios es ser infinitamente amado.","«Señor, tú me sondeas y me conoces; tú conoces si me siento o me levanto...»

Salmos (Sal 139,1-2): «Oh Yahvéh, tú me...»

«¿Adónde iré lejos de tu Espíritu? ¿Adónde huiré de tu presencia?...»

Salmos (Sal 139,7): «¿A dónde me iré...»

«Si escalo el cielo, allí estás tú; si me acuesto en el abismo, allí te encuentro...»

Salmos (Sal 139,8): «Si subiere a los...»

«Tú creaste mis entrañas, me tejiste en el seno de mi madre...»

Salmos (Sal 139,13): «Porque tú formaste mis...»

«Sondéame, oh Dios, y conoce mi corazón; guíame por el camino eterno...»

Salmos (Sal 139,23-24): «Examíname, oh Dios, y...»

Jeremías (Jr 23,24): «¿Se ocultará alguno, dice...»","- Uso litúrgico: Celebraciones penitenciales, vigilias de escrutinio de conversión, exequias y Laudes solemnes.
- Carácter musical: Contemplativo, místico, poético, sereno, majestuoso y de profunda intimidad.	"
Shlom-lej Mariam,Kiko Argüello,"Lucas 1,28.42 (Ave María en arameo)","La salutación angélica cantada en la lengua histórica de Jesús y de María, contemplando con pureza y sencillez oriental la plenitud de gracia de la Madre de Dios.","- La lengua de la Encarnación: El rezo en arameo conecta a la Iglesia directamente con las raíces semíticas de la fe y con el hogar de Nazaret.
- La paz mesiánica (*Shlom-lej*): Deseo sagrado de plenitud, salud y salvación que el mensajero celestial derrama sobre la doncella judía.
- Intercesión sacerdotal mariana: Petición confiada a la Madre de Dios por los pecadores en la hora presente y en el tránsito hacia la eternidad.",Cristo se manifiesta como el Fruto bendito (*Birkát batnej*) que inaugura la reconciliación entre Dios y los hombres.,Testimonio del creyente que experimenta un recogimiento sagrado e íntimo al invocar a María en las mismas palabras con las que oraba la Sagrada Familia.,"«Shlom-lej Mariam, maliát taibuta... (Dios te salve, María, llena de gracia)...»

Lucas (Lc 1,28): «¡Salve, muy favorecida! El...»

«Moriah amej... (El Señor es contigo)...»

Jueces (Jue 6,12): «Yahvéh está contigo, varón...»

«Mbarajt baj-nishe... (Bendita tú entre las mujeres)...»

Lucas (Lc 1,42): «¡Bendita tú entre las...»

«U-mbaraj-u pire d-karsej, Yeshua... (Y bendito es el fruto de tu vientre, Jesús)...»

Lucas (Lc 1,42b): «Y bendito el fruto...»

«Morat Mariam, Yoldat Aloho... (Santa María, Madre de Dios, ruega por nosotros)...»

Juan (Jn 19,27): «He ahí tu madre...»","- Uso litúrgico: Peregrinaciones a Tierra Santa, rezo del Santo Rosario, tiempo de Adviento y vigilias marianas contemplativas.
- Carácter musical: Oriental, místico, cadencioso, íntimo, dulce y orante.	"
Si el Señor no construye la casa,Kiko Argüello,Salmo 127 (126),La vanidad del esfuerzo autosuficiente del hombre: en vano madrugan y comen el pan del dolor los constructores si el Señor no edifica la casa ni custodia la ciudad.,"- Primacía absoluta de la gracia: Cualquier proyecto humano, matrimonial, eclesial o social es estéril si no está cimentado en la providencia de Dios.
- Descanso frente a la angustia: El afán desmedido y la ansiedad por el sustento son idolatrías; Dios da el pan y el descanso a sus amigos mientras duermen.
- Los hijos como herencia divina: La fecundidad de la familia no es un logro biológico, sino un don del Señor; saetas en manos de un guerrero para no temer a los enemigos.","Cristo se manifiesta como el Constructor y la Roca viva sobre la cual se edifica la Iglesia, y el Centinela que vigila eternamente sobre su pueblo.",Testimonio del padre de familia o del catequista que deja de agobiarse por dirigirlo todo con sus fuerzas y experimenta cómo Dios sostiene su casa cuando confía en Él.,"«Si el Señor no construye la casa, en vano se cansan los constructores...»

Salmos (Sal 127,1a): «Si Yahvéh no edificare...»

«Si el Señor no guarda la ciudad, en vano vigilan los centinelas...»

Salmos (Sal 127,1b): «Si Yahvéh no guardare...»

«En vano madrugáis a levantaros y retrasáis el descanso, comiendo el pan de fatigas...»

Salmos (Sal 127,2a): «Por demás es que...»

«Pues a su amado se lo da mientras duerme...»

Salmos (Sal 127,2b): «Pues que a su...»

«Herencia del Señor son los hijos, recompensa el fruto del vientre...»

Salmos (Sal 127,3): «He aquí, herencia de...»

1 Corintios (1Co 3,11): «Porque nadie puede poner...»","- Uso litúrgico: Bendición de familias, celebración de matrimonios, bendición de nuevas casas y vísperas.
- Carácter musical: Popular, rítmico, pedagógico, sereno y con aire de balada sapiencial.	"
Si hoy escucháis su voz,Kiko Argüello,"Salmo 95 (94); Hebreos 3,7-15","El gran salmo invitatorio: llamada urgente a postrarse ante el Creador y a no endurecer el corazón como en Meribá y Masá en el desierto, para poder entrar en el descanso de Dios.","- La urgencia del «Hoy»: La llamada de Dios acontece en el presente concreto de la historia; posponer la conversión es arriesgarse a perder la salvación.
- El peligro del corazón endurecido: Recordatorio de la rebelión en el desierto, donde el pueblo tentó a Dios exigiendo seguridades carnales.
- La adoración al Pastor divino: «Él es nuestro Dios y nosotros su pueblo, el rebaño que Él guía»; actitud de reverencia filial.
- El descanso prometido: Entrar en el descanso divino que el pecado y la incredulidad impidieron a la generación rebelde.",Cristo se manifiesta como la Voz viva del Padre que resuena hoy en la Iglesia y el Verdadero Josué que nos introduce en el reposo eterno.,"Testimonio del creyente que reconoce su tentación de quejarse en las dificultades y decide doblar la rodilla, dejando que la Palabra ablande su dureza interior.","«Venid, aclamemos al Señor, demos vítores a la Roca que nos salva...»

Salmos (Sal 95,1): «Venid, aclamemos alegremente a...»

«Entrad, postrémonos por tierra, bendiciendo al Señor, creador nuestro...»

Salmos (Sal 95,6): «Venid, adoremos y postrémonos...»

«¡Ojalá escuchéis hoy su voz! No endurezcáis vuestro corazón como en Meribá...»

Salmos (Sal 95,7b-8): «Si oyereis hoy su...»

Hebreos (Hb 3,7-8): «Por lo cual, como...»

«Como el día de Masá en el desierto, donde vuestros padres me tentaron...»

Salmos (Sal 95,9): «Donde me tentaron vuestros...»

Éxodo (Ex 17,7): «Y llamó el nombre...»","- Uso litúrgico: Invitatorio matutino de la Liturgia de las Horas, celebraciones penitenciales y pasos de escrutinio.
- Carácter musical: Imperativo, austero, majestuoso, solemne y con viva llamada comunitaria.	"
Si me he refugiado en el Señor,Kiko Argüello,Salmo 11 (10),"Confianza inquebrantable en Dios cuando todo se derrumba: ¿Cómo decís a mi alma: «Huye al monte como un pájaro, que los malvados tensan el arco»? Si se arruinan los cimientos, ¿qué puede hacer el justo? El Señor está en su templo santo.","- Rechazo a la fuga pusilánime: El tentador incita al creyente a huir y desconfiar ante las amenazas del mundo; la fe se mantiene firme en Dios.
- La prueba de los cimientos: Cuando caen las estructuras humanas y la injusticia parece triunfar, la mirada de Dios sondea la tierra desde su trono celestial.
- Examen divino a justos e impíos: Los ojos del Señor vigilan y purifican; el justo verá su rostro, mientras que la herencia del impío es viento abrasador.","Cristo se manifiesta como el Justo que no huyó ante el prendimiento ni bajó de la Cruz ante las burlas, poniendo su confianza únicamente en el Padre.","Testimonio del cristiano que en medio del colapso de sus proyectos o en medio de persecuciones no escapa cobardemente, experimentando la firmeza de la fe.","«En el Señor me he refugiado, ¿cómo decís a mi alma: Huye como un pájaro al monte?...»

Salmos (Sal 11,1): «En Yahvéh he confiado...»

«Porque he aquí que los malvados tensan el arco para disparar en la sombra al recto de corazón...»

Salmos (Sal 11,2): «Porque he aquí, los...»

«Si se arruinan los cimientos, ¿qué puede hacer el justo?...»

Salmos (Sal 11,3): «Si fueren destruidos los...»

«El Señor está en su templo santo, el Señor tiene su trono en el cielo...»

Salmos (Sal 11,4): «Yahvéh está en su...»

Habacuc (Hab 2,20): «Mas Yahvéh está en...»

«Porque el Señor es justo y ama la justicia, los rectos contemplarán su rostro...»

Salmos (Sal 11,7): «Porque Yahvéh es justo...»","- Uso litúrgico: Vísperas, celebraciones de combate de fe, escrutinios y momentos de tribulación social o eclesial.
- Carácter musical: Tenso, dialogado, firme, lírico y con resolución de victoria confiada.	"
"Sión, madre de todos los pueblos",Kiko Argüello,"Salmo 87 (86); Isaías 60,1-5; Gálatas 4,26","La gloria cosmopolita de la Jerusalén celestial: naciones antes enemigas (Egipto, Babilonia, Filistea y Tiro) son inscritas en el libro divino como nacidas en Sión, convertida en madre fecunda de todos los pueblos.","- La maternidad universal de la Iglesia: Sión no es una ciudad geográfica cerrada; es la Jerusalén de arriba, libre y madre de todos nosotros.
- La reconciliación de los pueblos paganos: Los enemigos históricos de Israel son regenerados y reconocidos como hijos propios de la ciudad de Dios.
- El registro celestial: En el censo divino de las naciones, el Señor inscribe a cada hombre diciendo: «Este nació allí».
- La fuente de todo gozo: Cantores y danzantes proclaman al unísono: «Todas mis fuentes están en ti».",Cristo se manifiesta como la Piedra angular sobre la cual se congregan todas las razas y lenguas en un solo cuerpo nuevo.,"Testimonio de la universalidad en las comunidades cristianas, donde hermanos de diferentes países y culturas se aman como nacidos de la misma madre en la fe.","«Glorias de ti se han dicho, ciudad de Dios...»

Salmos (Sal 87,3): «Cosas ilustres han sido...»

«Recordaré a Egipto y a Babilonia entre los que me conocen...»

Salmos (Sal 87,4): «Yo me acordaré de...»

«Y de Sión se dirá: Todos han nacido en ella...»

Salmos (Sal 87,5): «Y de Sión se...»

«El Señor registrará en el libro de los pueblos: Este nació allí...»

Salmos (Sal 87,6): «Yahvéh contará al inscribir...»

«Y cantando y danzando dirán: Todas mis fuentes están en ti...»

Salmos (Sal 87,7): «Y cantores y tañedores...»

Gálatas (Ga 4,26): «Mas la Jerusalén de...»","- Uso litúrgico: Solemnidades de la Iglesia, fiesta de los Santos Apóstoles, vigilias misioneras y encuentros mundiales de comunidades.
- Carácter musical: Solemne, festivo, jubiloso, danzante, coral y majestuoso.	"
Sola a solo,Kiko Argüello,"Poema de Carmen Hernández (Testamento espiritual); Cantar de los Cantares; Juan 12,24",El grito conmovedor de la desnudez interior y el despojo radical del alma que se entrega cara a cara con Jesucristo: sola a solo ante el Amado crucificado para ser consumida como ofrenda de amor por la Iglesia.,"- La mística de la kénosis: Renuncia absoluta a todo consuelo humano, prestigio o apoyo terrenal para unirse al vacío de Cristo en la cruz.
- El grano de trigo: Disposición libre y gozosa a caer en tierra y morir para que la evangelización y la Iglesia engendren vida.
- La soledad habitada: Estar a solas no en aislamiento estéril, sino en comunión nupcial total con el Esposo del alma.","Cristo se manifiesta como el Único Necesario, el Amado crucificado que desciende al abismo del corazón para desposarse con su sierva en la nada.",Testimonio de quien atraviesa la noche oscura del sufrimiento o la cercanía de la muerte y descubre que estar a solas con Jesús es la máxima plenitud.,"«Sola a solo contigo, Señor de mi vida...»

Salmos (Sal 73,25): «¿A quién tengo yo...»

«Despojada de todo, sin nada en las manos...»

Filipenses (Flp 3,8): «Lo he perdido todo...»

«Si el grano de trigo no cae en tierra y muere, queda solo; pero si muere, da mucho fruto...»

Juan (Jn 12,24): «De cierto, de cierto...»

«Consúmeme en tu amor por tu Iglesia...»

Cantares (Ct 8,6): «Ponme como un sello...»

Colosenses (Col 1,24): «Cumplo en mi carne...»","- Uso litúrgico: Vigilias de oración vocacional, conmemoraciones fúnebres de misioneros y momentos de contemplación profunda.
- Carácter musical: Desgarrador, íntimo, quejumbroso, lento y de sobrecogedora profundidad espiritual.	"
Stabat Mater Dolorosa,Kiko Argüello,"Secuencia tradicional del siglo XIII (Jacopone da Todi); Juan 19,25-27; Lucas 2,35","La contemplación traspasada de la Madre Dolorosa de pie junto a la cruz del Hijo: participar de su llanto, compartir sus heridas y arder en el amor de Cristo para ser defendidos en el juicio final.","- La presencia fiel al pie de la Cruz: Mientras los discípulos huyeron, María permanece de pie (*Stabat*), firme en la fe en la hora de las tinieblas.
- La espada que traspasa el alma: Cumplimiento de la profecía del anciano Simeón; comunión perfecta de la Madre con el holocausto del Redentor.
- Comunión con los padecimientos de Cristo: Súplica del creyente para que las llagas del Salvador queden impresas en su propio corazón.
- Esperanza ante la muerte: Refugio bajo el amparo de la Virgen para que, al morir el cuerpo, el alma alcance la gloria del paraíso.","Cristo se manifiesta como el Cordero agonizante en el patíbulo de la cruz, entregando su último aliento en presencia de su Madre amada.",Testimonio del creyente probado por dolores desgarradores que halla consuelo maternal contemplando a la Virgen al pie del madero.,"«Estaba la Madre dolorosa junto a la cruz, llorando, mientras pendía el Hijo...»

Juan (Jn 19,25): «Estaban junto a la...»

«Cuya alma gemebunda, triste y compungida, atravesó la espada...»

Lucas (Lc 2,35): «Y una espada traspasará...»

«Haz que llore contigo, que comparta el dolor del Crucificado...»

Gálatas (Ga 6,17): «Porque yo traigo en...»

«Haz que las llagas de tu Hijo queden grabadas en mi corazón...»

2 Corintios (2Co 4,10): «Llevando en el cuerpo...»

«Cuando mi cuerpo muera, haz que al alma se le conceda la gloria del paraíso...»

Lucas (Lc 23,43): «Hoy estarás conmigo en...»","- Uso litúrgico: Celebración de la Pasión del Señor (Viernes Santo), Vía Crucis cuaresmales y memoria de la Virgen de los Dolores.
- Carácter musical: Severo, doloroso, pausado, solemne, coral y con llanto litúrgico conmovedor.	"
"Te estoy llamando, Señor",Kiko Argüello,Salmo 141 (140),Plegaria vespertina de súplica y custodia moral: suba mi oración como incienso ante ti y el alzar de mis manos como ofrenda de la tarde; pon guardia a mi boca y libra mi corazón del lazo de los malvados.,"- La ofrenda vespertina del sacrificio: El incienso que asciende hacia el cielo como figura de la plegaria incesante que agrada a Dios.
- La custodia de la lengua y de los sentidos: Petición de un centinela ante los labios para no pecar con palabras vanas ni condescender con las comidas exquisitas de los impíos.
- El golpe del justo como medicina: Preferir la corrección fraterna del recto antes que los halagos engañosos de los pecadores.
- Los ojos fijos en Yahvéh: En medio de los lazos y cepos tendidos por el mal, el orante no aparta su mirada del Señor.","Cristo se manifiesta como la Víctima del sacrificio vespertino perfecto, que en el atardecer del Calvario alzó sus manos en la cruz para expiar los pecados del mundo.","Testimonio del fiel que en la oración de la tarde entrega los combates del día, pidiendo a Dios fortaleza para no manchar su boca con la murmuración.","«Señor, a ti te llamo, ven de prisa a mí; escucha mi voz cuando a ti clamo...»

Salmos (Sal 141,1): «Yahvéh, a ti he...»

«Suba mi oración como incienso en tu presencia, el alzar de mis manos como ofrenda de la tarde...»

Salmos (Sal 141,2): «Suba mi oración delante...»

Apocalipsis (Ap 8,4): «Y de la mano del...»

«Pon, Señor, una guardia a mi boca, una custodia a la puerta de mis labios...»

Salmos (Sal 141,3): «Pon, oh Yahvéh, guarda...»

«No dejes que mi corazón se incline a cosas malas...»

Salmos (Sal 141,4): «No dejes que se...»

«A ti, Señor, miran mis ojos; en ti me refugio, no me dejes desamparado...»

Salmos (Sal 141,8): «Por tanto, a ti...»","- Uso litúrgico: Salmo lucernario fundamental en el rezo de Vísperas, celebraciones penitenciales y tiempo de Cuaresma.
- Carácter musical: Contemplativo, orante, grave, suplicante y con elevación espiritual vespertina.	"
Te he manifestado mi pecado,Kiko Argüello,Salmo 32 (31) (Segundo Salmo Penitencial),La bienaventuranza de la confesión y el perdón: mientras callé mi pecado se consumían mis huesos de gemir todo el día; pero te manifesté mi delito y tú perdonaste la culpa de mi pecado.,"- La agonía del pecado oculto: El tormento interior de quien encubre su iniquidad; la mano de Dios pesa día y noche hasta marchitar las fuerzas vitales.
- La liberación de la confesión: Abrir la herida ante el Señor diciendo: «Confesaré a Yahvéh mis transgresiones»; la gracia borra inmediatamente la culpa.
- Dios como refugio frente a la inundación: Cuando arrecian las grandes aguas de la angustia, Dios guarda al creyente y lo rodea de cantos de liberación.
- Instrucción en el camino: Dios enseña y guía con su mirada, invitando a no ser tercos como el caballo o el mulo sin entendimiento.","Cristo se manifiesta como el Médico divino que perdona los pecados, borra el acta de nuestra condena y nos corona de alegría pascual.","Testimonio radiante de quien experimentó el infierno interior de cargar con un pecado secreto, y al confesarlo en el sacramento recuperó la paz y la vida.","«Dichoso aquel cuya transgresión ha sido perdonada, y cubierto su pecado...»

Salmos (Sal 32,1): «Bienaventurado aquel cuya transgresión...»

Romanos (Ro 4,7): «Bienaventurados aquellos cuyas iniquidades...»

«Mientras callé, se envejecieron mis huesos en mi gemir todo el día...»

Salmos (Sal 32,3): «Mientras callé, se envejecieron...»

«Mi pecado te manifesté, y no encubrí mi iniquidad... y tú perdonaste la maldad de mi pecado...»

Salmos (Sal 32,5): «Mi pecado te declaré...»

«Tú eres mi refugio; me guardarás de la angustia; con cánticos de liberación me rodearás...»

Salmos (Sal 32,7): «Tú eres mi refugio...»

Proverbios (Pr 28,13): «El que encubre sus...»","- Uso litúrgico: Celebraciones comunitarias de la Reconciliación, Escrutinios de penitencia, Cuaresma y Laudes.
- Carácter musical: Comienza quejumbroso y reflexivo, transformándose en una danza alegre de victoria y gratitud.	"
Tenga yo los mismos sentimientos de Cristo,Kiko Argüello,"Filipenses 2,1-11","Exhortación paulina a la asamblea: tener entre nosotros los mismos sentimientos que tuvo Cristo Jesús, quien no retuvo celosamente su condición divina sino que se anonadó haciéndose siervo hasta la muerte en la cruz.","- La humildad comunitaria: Nada por vanagloria o envidia; estimar a los demás como superiores a uno mismo y velar por los intereses del hermano.
- La mente y el corazón de Cristo: Participar de la misma disposición filial de Jesús, que renuncia a imponerse por la fuerza.
- El anonadamiento y la obediencia: Bajó al último lugar de la tierra para cargar con los pecadores.
- La gloria de Dios Padre: La confesión universal de que Jesucristo es Señor nace de haber contemplado su amor entregado en el madero.","Cristo se manifiesta como el Modelo supremo de mansedumbre, el Siervo que se rebaja para elevar a la humanidad caída a la dignidad divina.",Testimonio del hermano que en los conflictos familiares renuncia a tener la razón y pide a Dios los sentimientos de Cristo para poner la paz.,"«Tened entre vosotros los mismos sentimientos que tuvo Cristo Jesús...»

Filipenses (Flp 2,5): «Haya, pues, en vosotros...»

«El cual, siendo de condición divina, no retuvo ávidamente el ser igual a Dios...»

Filipenses (Flp 2,6): «El cual, siendo en...»

«Sino que se despojó a sí mismo tomando forma de siervo...»

Filipenses (Flp 2,7): «Sino que se despojó...»

«Y se humilló haciéndose obediente hasta la muerte, y muerte de cruz...»

Filipenses (Flp 2,8): «Y estando en la...»

«Para que al nombre de Jesús se doble toda rodilla y toda lengua confiese: ¡Jesucristo es Señor!...»

Filipenses (Flp 2,10-11): «Para que en el...»

Mateo (Mt 20,28): «Como el Hijo del...»","- Uso litúrgico: Celebraciones de la Palabra sobre la humildad, Semana Santa, convivencias comunitarias y vísperas solemnes.
- Carácter musical: Solemne, orante, reflexivo, con suave gravedad inicial y culminación majestuosa.	"
Tu luz nos hace ver la luz,Kiko Argüello,"Salmo 36 (35),6-10; Juan 8,12","Himno a la misericordia y lealtad cósmica de Dios: el creyente se refugia bajo sus alas, se sacia de los manjares de su casa y bebe del torrente de sus delicias, porque en Él está la fuente de la vida.","- La inmensidad de la misericordia (*Hesed*): El amor de Dios llega al cielo y su fidelidad a las nubes; su justicia es como las altas montañas y sus juicios son un abismo profundo.
- El festín de la gracia divina: Los redimidos no mendigan migajas; son saciados con la grosura del santuario y beben del torrente de las delicias de Dios.
- La fuente de la vida y de la iluminación: «Porque en ti está la fuente de la vida, y en tu luz vemos la luz»; la fe como visión que disipa la ceguera existencial.",Cristo se manifiesta como la Fuente inagotable de agua viva y la Luz del mundo en cuya Pascua descubrimos el sentido de toda la creación.,Testimonio del cristiano que sale del engaño de buscar luz en filosofías humanas y experimenta la plenitud de saciarse en la Casa de Dios.,"«Tu misericordia, Señor, llega hasta el cielo; tu fidelidad hasta las nubes...»

Salmos (Sal 36,5): «Yahvéh, hasta los cielos...»

«¡Qué inapreciable es tu misericordia, oh Dios! Por eso los hijos de Adán se acogen a la sombra de tus alas...»

Salmos (Sal 36,7): «¡Cuán preciosa, oh Dios...»

«Se sacian de los ricos manjares de tu casa, los abrevas en el torrente de tus delicias...»

Salmos (Sal 36,8): «Serán completamente saciados de...»

«Porque en ti está la fuente de la vida, y en tu luz vemos la luz...»

Salmos (Sal 36,9): «Porque contigo está el...»

Juan (Jn 1,4): «En él estaba la...»","- Uso litúrgico: Laudes solemnes de domingos y fiestas, rito del Lucernario y canto de comunión.
- Carácter musical: Contemplativo, majestuoso, luminoso, lírico y con sereno vuelo espiritual.	"
Un retoño brota del tronco de Jesé,Kiko Argüello,"Isaías 11,1-10","La gran profecía mesiánica de la paz universal: de la raíz de Jesé florece un retoño sobre quien reposa el Espíritu séptuplo del Señor, juzgando con equidad al pobre e inaugurando la reconciliación cósmica.","- La nueva vida que surge del muñón seco: Del tronco aparentemente muerto de la dinastía davídica Dios hace brotar el vástago viviente.
- La unción plena del Espíritu: El Espíritu del Señor reposa sobre el Mesías con sus siete dones: sabiduría, entendimiento, consejo, fortaleza, ciencia, piedad y santo temor.
- La justicia no superficial: No juzga por apariencias ni sentencias de oídas; defiende con rectitud la causa de los desvalidos de la tierra.
- La paz mesiánica y la reconciliación cósmica: El lobo y el cordero habitan juntos, el leopardo con el cabrito y el niño mete la mano en la hura de la serpiente; la tierra se llena del conocimiento de Yahvéh.","Cristo se manifiesta como el Renuevo de Jesé, el Juez compasivo y el Príncipe de la Paz que desarma la violencia en los corazones.",Testimonio milagroso de la asamblea donde personas con odios antiguos o incompatibilidades insalvables conviven en paz y unidad fraterna gracias al Evangelio.,"«Saldrá un retoño del tronco de Jesé, un vástago florecerá de sus raíces...»

Isaías (Is 11,1): «Saldrá una vara del...»

«Y reposará sobre él el Espíritu del Señor: espíritu de sabiduría y de inteligencia...»

Isaías (Is 11,2): «Y reposará sobre él...»

Lucas (Lc 4,18): «El Espíritu del Señor...»

«Habitará el lobo con el cordero, y el leopardo se acostará con el cabrito...»

Isaías (Is 11,6): «Morará el lobo con...»

«No harán daño ni estrago en todo mi monte santo, porque la tierra estará llena del conocimiento de Dios...»

Isaías (Is 11,9): «No harán mal ni...»

Romanos (Ro 15,12): «Estará la raíz de...»","- Uso litúrgico: Tiempo de Adviento (especialmente la segunda semana), vigilias proféticas y celebraciones de Navidad.
- Carácter musical: Poético, sereno, pastoral, misterioso y con creciente plenitud armónica.	"
Una gran señal,Kiko Argüello,"Apocalipsis 12,1-6.10","La visión apocalíptica de la Mujer vestida de sol, con la luna bajo sus pies y coronada de doce estrellas, que da a luz al Salvador en medio del combate contra el Dragón seductor.","- La Mujer celestial y terrenal: Imagen de la Virgen María y, al mismo tiempo, de la Iglesia que sufre dolores de parto para engendrar a Cristo en los pueblos.
- Las doce estrellas y la luna: Corona de las doce tribus de Israel y de los doce apóstoles; la victoria sobre el tiempo y la mutabilidad (la luna bajo sus pies).
- El parto y la victoria del Hijo: El dragón busca devorar al niño, pero el Mesías es arrebatado al trono de Dios para regir a las naciones con cetro firme.
- Proclamación de la victoria: «¡Ya llegó la salvación, el poder y el reinado de nuestro Dios, y la potestad de su Cristo!».	","Cristo se manifiesta como el Hijo de la Mujer, el Rey triunfador arrebatado hacia la gloria del Padre para aplastar la cabeza del dragón infernal.","Testimonio de la Iglesia que se siente protegida por Dios en el desierto del mundo, sabiendo que las persecuciones engendran salvación y vida resucitada.","«Una gran señal apareció en el cielo: una mujer vestida del sol, con la luna bajo sus pies...»

Apocalipsis (Ap 12,1): «Apareció en el cielo una...»

«Y sobre su cabeza una corona de doce estrellas...»

Apocalipsis (Ap 12,1b): «Y sobre su cabeza...»

«Estaba encinta y gritaba con dolores de parto y en el tormento de dar a luz...»

Apocalipsis (Ap 12,2): «Y estando encinta, clamaba...»

«Y dio a luz un hijo varón, que ha de regir a todas las naciones...»

Apocalipsis (Ap 12,5): «Y ella dio a...»

«Ahora ha venido la salvación, el poder y el reino de nuestro Dios...»

Apocalipsis (Ap 12,10): «Entonces oí una gran...»

Génesis (Gn 3,15): «Enemistad entre ti y...»","- Uso litúrgico: Solemnidad de la Asunción de la Virgen María (15 de agosto), fiestas marianas y vigilias escatológicas.
- Carácter musical: Majestuoso, dramático, solemne, coral y con aclamación triunfal arrolladora.	"
"Uri, uri, urá",Kiko Argüello,"Isaías 60,1-3; Romanos 13,11-12; Efesios 5,14 (Grito de despertar en arameo/hebreo)","El grito de llamada y vigilia: «¡Uri, uri!» (¡Despierta, levántate!), la noche se acaba y despunta el amanecer; la gloria de Dios resplandece sobre la asamblea congregada.","- La sacudida del sueño espiritual: Llamada apremiante a abandonar la pereza y el letargo del conformismo mundano.
- Despunta la aurora mesiánica: La luz de Cristo irrumpe rasgando las sombras; sobre Sión se levanta la gloria del Señor mientras la oscuridad cubre la tierra.
- El pueblo que se pone en pie: La asamblea despierta a la fe viva, ciñéndose para el servicio y el anuncio del Reino.",Cristo se manifiesta como el Sol de Justicia y el Lucero del alba que disipa la noche y despierta a los durmientes a la vida nueva.,"Testimonio del hermano que dormía sumido en la rutina o en el pecado, y es despertado por la predicación viva del Evangelio, recobrando el fervor.","«¡Uri, uri! Despierta, levántate, que llega tu luz...»

Isaías (Is 60,1): «Levántate, resplandece; porque ha...»

«La gloria del Señor amanece sobre ti...»

Isaías (Is 60,1b): «Y la gloria de...»

«Porque las tinieblas cubren la tierra, pero sobre ti amanece el Señor...»

Isaías (Is 60,2): «Porque he aquí que...»

«Despiértate, tú que duermes, y te iluminará Cristo...»

Efesios (Ef 5,14): «Por lo cual dice: Despiértate...»

Romanos (Ro 13,12): «La noche está avanzada...»","- Uso litúrgico: Tiempo de Adviento, vigilias nocturnas, Laudes de resurrección y encuentros festivos de jóvenes.
- Carácter musical: Rápido, enérgico, de llamada vehemente, rítmico, danzante y festivo.	"
"Vamos ya, pastores",Kiko Argüello,"Lucas 2,8-20 (El anuncio a los pastores de Belén)","El relato entrañable de la Nochebuena: los pastores que velaban en la noche son sorprendidos por la luz del ángel, escuchan la gran noticia del nacimiento del Mesías y corren presurosos al portal para adorar al Niño.","- La Buena Noticia dada a los marginados: El Evangelio no se anuncia primero a los letrados o poderosos, sino a los humildes pastores que velan en la noche.
- No temáis: El saludo angélico que ahuyenta el terror humano ante la gloria de Dios.
- El signo de la humildad divina: «Encontraréis un niño envuelto en pañales y acostado en un pesebre»; la señal no es un palacio, sino la indefensión de un recién nacido.
- El retorno dando gloria: Los pastores regresan alabando y glorificando a Dios por todo lo que habían visto y oído.","Cristo se manifiesta como el Salvador, Mesías y Señor encarnado, nacido pobre en un pesebre para enriquecer a la humanidad.","Testimonio de la familia cristiana que en Nochebuena se reconoce pobre y sencilla como los pastores, acudiendo a contemplar con asombro la ternura del Niño Dios.","«Había pastores en la misma región que velaban y guardaban las vigilias de la noche...»

Lucas (Lc 2,8): «Había pastores en la...»

«Y se les presentó un ángel del Señor, y la gloria del Señor los rodeó de claridad...»

Lucas (Lc 2,9): «Y he aquí, se...»

«No temáis; porque os traigo nuevas de gran gozo para todo el pueblo...»

Lucas (Lc 2,10): «Pero el ángel les...»

«Que os ha nacido hoy, en la ciudad de David, un Salvador, que es Cristo el Señor...»

Lucas (Lc 2,11): «Que os ha nacido...»

«Fueron, pues, apresuradamente, y hallaron a María y a José, y al niño acostado en el pesebre...»

Lucas (Lc 2,16): «Vinieron, pues, apresuradamente...»","- Uso litúrgico: Misa del Gallo, Nochebuena, solemnidad de la Navidad y tiempo de Navidad en la familia.
- Carácter musical: Pastoral, tierno, ágil, festivo, narrativo y danzante.	"
Ven del Líbano,Kiko Argüello,"Cantar de los Cantares 4,8-16; 5,1","La llamada nupcial y apasionada del Esposo a la Amada: «Ven del Líbano, esposa mía, ven; serás coronada desde las cumbres de los montes; me robaste el corazón, hermana mía, esposa».","- La invitación a bajar de las alturas paganas: El Líbano, el Amaná y el Senir como cumbres de idolatría y cubiles de fieras de las que Cristo rescata a su Esposa.
- La consagración esponsal: «Huerto cerrado eres, hermana mía; manantial sellado»; exclusividad del amor donde el creyente pertenece sólo al Señor.
- La efusión de los aromas santos: Sopla, viento del norte; ven, viento del sur; oread mi huerto y destilen sus aromas para que el Amado entre a comer sus frutos exquisitos.
- El banquete nupcial: Cristo que entra en el alma purificada para alimentarse de la caridad y de la fe de sus elegidos.",Cristo se manifiesta como el Esposo amante divino que busca incansablemente a la Iglesia para desposarse con ella en alianza nupcial indisoluble.,Testimonio del matrimonio cristiano que experimenta que su amor humano es sacramento e imagen viva del amor eterno entre Cristo y su Iglesia.,"«Ven del Líbano, esposa mía; ven del Líbano, ven...»

Cantares (Ct 4,8): «Ven conmigo desde el...»

«Mira desde la cumbre del Amaná, desde la cima del Senir y del Hermón...»

Cantares (Ct 4,8b): «Mira desde la cumbre...»

«Me robaste el corazón, hermana mía, esposa; me robaste el corazón con una sola mirada...»

Cantares (Ct 4,9): «Prendiste mi corazón, hermana...»

«¡Levántate, aquilón, y ven, austro! Soplad en mi huerto, despréndanse sus aromas...»

Cantares (Ct 4,16): «Levántate, Aquilón, y ven...»

«Entre mi amado en su huerto y coma de sus frutos exquisitos...»

Cantares (Ct 4,16b): «Venga mi amado a...»

Efesios (Ef 5,31-32): «Grande es este misterio...»","- Uso litúrgico: Sacramento del Matrimonio, bodas comunitarias, vigilias nupciales, Pascua y fiestas marianas.
- Carácter musical: Muy lírico, poético, dulce, apasionado, melódico y con profunda belleza afectiva.	"
"Ven, hijo del hombre",Kiko Argüello,"Daniel 7,13-14; Mateo 24,30-31; Apocalipsis 1,7-8","La visión escatológica de la llegada del Hijo del Hombre: viene entre las nubes del cielo con gran poder y majestad, y le fue dado el imperio, el honor y el reino eterno que jamás pasará.","- La soberanía del Hijo del Hombre: Frente a las bestias monstruosas de los imperios mundanos que devoran la tierra, surge una figura con rostro verdaderamente humano.
- La investidura celestial: El Anciano de Días le concede un dominio eterno sobre todos los pueblos, naciones y lenguas.
- La parusía gloriosa: La historia camina hacia la manifestación definitiva de Cristo triunfante, donde todo ojo le verá, incluso los que le traspasaron.","Cristo se manifiesta como el Hijo del Hombre glorioso, el Rey Eterno y Juez de vivos y muertos que consuma la redención.","Testimonio de la asamblea que no se desanima ante las injusticias del presente, manteniendo viva la esperanza de la manifestación de Cristo.","«Miraba en las visiones de la noche, y he aquí con las nubes del cielo venía uno como un hijo de hombre...»

Daniel (Dn 7,13): «Miraba yo en la...»

«Y le fue dado dominio, gloria y reino, para que todos los pueblos le sirvieran...»

Daniel (Dn 7,14): «Y le fue dado dominio...»

«Su dominio es dominio eterno, que nunca pasará, y su reino no será destruido...»

Daniel (Dn 7,14b): «Su dominio es eterno...»

Mateo (Mt 24,30): «Verán al Hijo del...»

Apocalipsis (Ap 1,7): «He aquí que viene...»","- Uso litúrgico: Solemnidad de Jesucristo, Rey del Universo, últimas semanas del Año Litúrgico y Adviento.
- Carácter musical: Épico, solemne, majestuoso, con ritmo marcado y aclamación coral imponente.	"
"Ven, Señor Jesús",Kiko Argüello,"Apocalipsis 22,17-20; 1 Corintios 16,22 (Marana tha)","El grito litúrgico de amor y ardiente expectación que cierra el Nuevo Testamento: el Espíritu y la Esposa claman juntos: «¡Ven!», suplicando el retorno victorioso del Señor.","- El suspiro conyugal de la Iglesia: La asamblea peregrina no busca instalarse cómodamente en la tierra; suspira por las bodas eternas con su Señor.
- La acción del Espíritu Santo: Es el Espíritu quien inspira y capacita a la Esposa para orar con verdad y desear la venida de Cristo.
- El don gratuito del agua de la vida: «El que tenga sed, venga; el que quiera, tome gratuitamente del agua de la vida».
- La confirmación de la promesa: «Ciertamente vengo en breve. ¡Amén! ¡Ven, Señor Jesús!» (*Marana tha*).",Cristo se manifiesta como el Esposo ansiado y la Estrella radiante de la mañana que promete regresar pronto para enjugar toda lágrima.,"Testimonio del creyente que, habiendo gustado el amor de Dios, vive en constante vigilia de corazón, anhelando el encuentro definitivo con Jesús.","«El Espíritu y la Esposa dicen: ¡Ven!...»

Apocalipsis (Ap 22,17): «Y el Espíritu y la...»

«Y el que oye, diga: ¡Ven! Y el que tiene sed, venga...»

Apocalipsis (Ap 22,17b): «Y el que oye...»

«El que da testimonio de estas cosas dice: Sí, vengo pronto...»

Apocalipsis (Ap 22,20): «El que da testimonio de...»

«¡Amén! ¡Ven, Señor Jesús!...»

Apocalipsis (Ap 22,20b): «¡Amén; sí, ven, Señor...»

1 Corintios (1Co 16,22): «El que no amare al...»","- Uso litúrgico: Tiempo de Adviento, comunión en la Eucaristía, Vigilia Pascual y celebraciones escatológicas.
- Carácter musical: Anhelante, tierno, orante, íntimo, suplicante y sereno.	"
Veni Creator Spiritus,Kiko Argüello,"Himno litúrgico de Pentecostés (Rábano Mauro, siglo IX); Juan 14,16-17; Romanos 5,5","La plegaria solemne de la Iglesia universal que invoca al Espíritu Santo Creador para que visite las mentes de sus siervos, llene los corazones de gracia celestial y sea nuestro guía perenne.","- Espíritu Creador (*Creator Spiritus*): El mismo Espíritu que aleteaba sobre las aguas primordiales viene a re-crear y santificar el interior del hombre.
- Nombres y atributos santos: Paráclito excelso, don del Dios altísimo, fuente viva, fuego de caridad y unción espiritual.
- Dedo de la diestra paterna (*Digitus paternae dexterae*): El Espíritu Santo que escribe la nueva ley de amor en los corazones de carne.
- Victoria sobre las tinieblas: Ahuyentar al enemigo maligno, conceder la paz duradera y llevarnos al conocimiento pleno del Padre y del Hijo.",Cristo se manifiesta como el Ungido que comunica su propio Espíritu a los discípulos para continuar su obra redentora en el mundo.,"Testimonio de la Iglesia reunida en cónclaves, concilios, ordenaciones y asambleas, que implora la luz del Espíritu Santo para ser fiel a su vocación.","«Ven, Espíritu Creador, visita las mentes de tus fieles...»

Génesis (Gn 1,2): «Y el Espíritu de Dios...»

«Llena con tu gracia celestial los corazones que tú creaste...»

Romanos (Ro 5,5): «El amor de Dios ha...»

«Tú eres el Paráclito, don del Dios Altísimo...»

Juan (Jn 14,16): «Y yo rogaré al...»

«Fuente viva, fuego, caridad y unción espiritual...»

Juan (Jn 7,38-39): «De su interior correrán...»

«Ahuyenta lejos al enemigo y danos pronto la paz...»

Romanos (Ro 8,14): «Porque todos los que son...»

Hechos (Hch 1,8): «Pero recibiréis poder, cuando...»","- Uso litúrgico: Solemnidad de Pentecostés, ordenaciones sagradas, inicio del Año Nuevo, concilios y clausura de convivencias.
- Carácter musical: Sacerdotal, solemne, majestuoso, gregoriano en raíz y de profunda unción litúrgica.	"
Viene el Señor,Kiko Argüello,"Salmo 96 (95),11-13; Isaías 35,4; Lucas 21,27-28","El himno jubiloso de la llegada inminente de Dios: alégrense los cielos, salte de gozo la tierra, resuene el mar y aplaudan los árboles del bosque ante la faz del Señor que viene a juzgar al mundo con justicia.","- Alegría cósmica ante el Juez santo: La venida de Dios no engendra terror en el creyente, sino júbilo desbordante en toda la naturaleza.
- El juicio de la verdad: Dios juzgará al orbe con justicia y a los pueblos con su fidelidad, restituyendo el derecho a los oprimidos.
- Levantad la cabeza: Signo de liberación y esperanza; cuando comiencen los dolores del fin, el discípulo se levanta con alegría porque se acerca su salvación.",Cristo se manifiesta como el Juez Victorioso y Salvador misericordioso que viene con gloria y majestad a redimir a su pueblo.,"Testimonio del cristiano que espera la venida de Cristo no con pavor mundano, sino con el gozo anticipado de quien sabe que llega su Libertador.","«Alégrense los cielos y goce la tierra, retumbe el mar y cuanto contiene...»

Salmos (Sal 96,11): «Alégrense los cielos, y...»

«Regocíjense los campos y cuanto en ellos hay; salten de júbilo los árboles del bosque...»

Salmos (Sal 96,12): «Gócese el campo, y...»

«Delante del Señor, que viene; porque viene a juzgar la tierra...»

Salmos (Sal 96,13): «Delante de Yahvéh que vino...»

«Juzgará al orbe con justicia y a los pueblos con su fidelidad...»

Salmos (Sal 96,13b): «Juzgará al mundo con...»

Lucas (Lc 21,28): «Cuando estas cosas comiencen...»

Apocalipsis (Ap 22,12): «He aquí yo vengo...»","- Uso litúrgico: Tiempo de Adviento, entrada en Eucaristías de fiesta, vigilias escatológicas y Laudes pascuales.
- Carácter musical: Rítmico, vivo, festivo, jubiloso, danzante y coral.	"
Yahveh es mi fuerza,Kiko Argüello,"Éxodo 15,2; Isaías 12,2; Salmo 118 (117),14","Aclamación litúrgica y jubilosa: Yahvéh es mi fuerza y mi canción, Él es mi salvación; en Él confiaré y no temeré porque el Señor es mi refugio y mi baluarte.","- La fuente única del poder: La fuerza del cristiano no radica en caballos, ejércitos ni seguridades humanas, sino en el brazo poderoso de Dios.
- El cántico de liberación: La salvación experimentada se desborda inevitablemente en canto y alabanza pública.
- Ausencia de pánico: Quien tiene al Señor por baluarte camina con la cabeza alta frente a cualquier amenaza del mundo.",Cristo se manifiesta como la Fortaleza viva y el Salvador definitivo que sostiene al creyente en el medio del combate de la fe.,"Testimonio del hermano que, sintiéndose flaquear ante una prueba dura, entona este canto y recupera el valor sobrenatural para seguir adelante.","«Yahvéh es mi fuerza y mi canción, y me ha sido por salvación...»

Éxodo (Ex 15,2): «Yahvéh es mi fortaleza y...»

Isaías (Is 12,2): «He aquí Dios es salvación...»

Salmos (Sal 118,14): «Mi fortaleza y mi...»

«Este es mi Dios, y lo alabaré; Dios de mi padre, y lo ensalzaré...»

Éxodo (Ex 15,2b): «Este es mi Dios, y...»

Salmos (Sal 27,1): «Yahvéh es mi luz y...»

Filipenses (Flp 4,13): «Todo lo puedo en Cristo...»","- Uso litúrgico: Vigilia Pascual, Laudes, celebraciones de acción de gracias y cantos de entrada comunitarios.
- Carácter musical: Alegre, vivo, rítmico, exultante y con estribillo muy participativo.	"
"Yahveh, Dios de mi salvación",Kiko Argüello,Salmo 88 (87),"El salmo más doloroso y sombrío del Salterio: el grito del moribundo que clama de día y de noche al borde de la fosa, sintiéndose abandonado en las tinieblas, rodeado de terrores y con los conocidos alejados de su lado.","- El abismo del abandono y la soledad: El orante experimenta la muerte en vida, sumido en la depresión o en el sufrimiento físico más hondo sin ver consuelo.
- El misterio de la cruz anticipado: Dios permite que sus fieles más íntimos toquen el fondo de la oscuridad para asociarlos a la pasión de su Hijo.
- La oración en la noche cerrada: Aun sin recibir respuesta visible y sintiendo que la muerte le ronda, el alma sigue clamando a Dios hasta el último aliento.",Cristo se manifiesta como el Varón de dolores que asumió el abandono del Salmo 88 en la oscuridad de la muerte para rescatarnos del abismo.,"Testimonio de quien ha pasado por depresiones profundas o pérdidas irreparables, encontrando en este salmo la voz legítima para expresar su dolor ante Dios sin fingir falsos optimismos.","«Yahvéh, Dios de mi salvación, de día y de noche clamo en tu presencia...»

Salmos (Sal 88,1): «Oh Yahvéh, Dios de mi...»

«Llegue mi oración a tu presencia, inclina tu oído a mi clamor...»

Salmos (Sal 88,2): «Venga mi oración delante de...»

«Porque mi alma está colmada de males, y mi vida al borde del sepulcro...»

Salmos (Sal 88,3): «Porque mi alma está hastiada...»

«Me has puesto en lo hondo de la fosa, en las tinieblas, en los abismos...»

Salmos (Sal 88,6): «Me has puesto en el...»

Lamentaciones (Lm 3,55): «Invoqué tu nombre, oh Yahvéh...»","- Uso litúrgico: Vigilias penitenciales profundas, Viernes Santo, ritos de difuntos y momentos de extremo dolor espiritual.
- Carácter musical: Sombrío, doloroso, quejumbroso, lento y con profunda gravedad de súplica.	"
Yo soy el pan vivo,Kiko Argüello,"Juan 6,48-58 (Discurso del Pan de Vida)",La proclamación solemne de Jesús en Cafarnaúm: «Yo soy el pan vivo bajado del cielo; el que coma de este pan vivirá para siempre; y el pan que yo daré es mi carne para la vida del mundo».,"- El realismo eucarístico: El alimento definitivo no es el maná del desierto (cuyos padres comieron y murieron); es la carne y la sangre del Hijo del Hombre.
- La vida eterna en el presente: «El que come mi carne y bebe mi sangre tiene vida eterna, y yo le resucitaré en el último día».
- La comunión mutua: «Quien come mi carne y bebe mi sangre habita en mí y yo en él»; intimidad transformadora con la divinidad.",Cristo se manifiesta como el Pan de Vida bajado del Padre que se entrega como manjar sacrificial en la Eucaristía para saciar el hambre de inmortalidad.,"Testimonio del comulgante que se acerca al altar sintiendo su propia inanición espiritual, hallando en el Cuerpo de Cristo la fuerza para perseverar en la fe.","«Yo soy el pan vivo que ha bajado del cielo...»

Juan (Jn 6,51): «Yo soy el pan vivo...»

«Si uno come de este pan, vivirá para siempre...»

Juan (Jn 6,51b): «Si alguno comiere de este...»

«Y el pan que yo daré es mi carne para la vida del mundo...»

Juan (Jn 6,51c): «Y el pan que yo...»

«Si no coméis la carne del Hijo del Hombre y no bebéis su sangre, no tenéis vida en vosotros...»

Juan (Jn 6,53): «Jesús les dijo: De cierto...»

1 Corintios (1Co 10,16): «La copa de bendición que...»","- Uso litúrgico: Canto de comunión en la Eucaristía, solemnidad del Corpus Christi y jueves eucarísticos.
- Carácter musical: Solemne, procesional, con unción litúrgica y profunda reverencia orante.	"
Yo soy la resurrección,Kiko Argüello,"Juan 11,25-26; Apocalipsis 1,18","Las palabras de consuelo de Jesús a Marta en Betania ante la tumba de Lázaro: «Yo soy la resurrección y la vida; el que cree en mí, aunque haya muerto, vivirá».","- Victoria sobre el poder del sepulcro: La muerte biológica no es el final para quien posee la fe en el Hijo de Dios.
- La fe como condición de vida: «¿Crees esto? Sí, Señor, yo creo que tú eres el Cristo, el Hijo de Dios que has venido al mundo».
- El Viviente por los siglos: «Estuve muerto, y he aquí que vivo por los siglos de los siglos, y tengo las llaves de la muerte y del Hades».","Cristo se manifiesta como el Señor de la vida y de la muerte, quien con su sola palabra arranca a Lázaro de la tumba y vence al sepulcro.","Testimonio de la comunidad en las exequias cristianas o en momentos de duelo, encontrando un consuelo inquebrantable en la promesa de la resurrección.","«Yo soy la resurrección y la vida; el que cree en mí, aunque esté muerto, vivirá...»

Juan (Jn 11,25): «Le dijo Jesús: Yo soy...»

«Y todo aquel que vive y cree en mí, no morirá eternamente. ¿Crees esto?...»

Juan (Jn 11,26): «Y todo aquel que vive...»

«Sí, Señor; yo he creído que tú eres el Cristo, el Hijo de Dios...»

Juan (Jn 11,27): «Ella le dijo: Sí, Señor...»

Apocalipsis (Ap 1,18): «Y el que vivo, y...»

Romanos (Ro 14,8): «Pues si vivimos, para el...»","- Uso litúrgico: Celebraciones exequiales, misas de difuntos, Vigilia Pascual y tiempo pascual.
- Carácter musical: Solemne, consolador, firme, esperanzador y con profunda unción pascual.	"
Yo soy el buen pastor,Kiko Argüello,"Juan 10,11-16; Salmo 23","La revelación de la entrega pastoral: el buen pastor da su vida por las ovejas, las conoce por su nombre y las congrega en un solo rebaño bajo un solo pastor.","- La entrega voluntaria por amor: A diferencia del asalariado que huye cuando ve venir al lobo, el Buen Pastor se interpone y entrega su vida por el rebaño.
- El conocimiento íntimo: Las ovejas escuchan su voz, Él las llama por su nombre y ellas le siguen porque reconocen su amor.
- La unidad universal: «Tengo otras ovejas que no son de este redil; a esas también tengo que conducir»; anhelo de unidad para toda la humanidad.",Cristo se manifiesta como el Pastor supremo que rescata a la oveja extraviada y da la vida para que tengan vida en abundancia.,Testimonio del creyente que se sentía perdido en la soledad del mundo y experimentó la llamada personal y amorosa de Cristo que lo devolvió al redil de la Iglesia.,"«Yo soy el buen pastor; el buen pastor su vida da por las ovejas...»

Juan (Jn 10,11): «Yo soy el buen pastor...»

«Conozco a mis mis ovejas, y las mías me conocen...»

Juan (Jn 10,14): «Yo soy el buen pastor...»

«También tengo otras ovejas que no son de este redil; a esas también debo traer...»

Juan (Jn 10,16): «También tengo otras ovejas...»

Ezequiel (Ez 34,11-12): «Porque así ha dicho Yahvéh...»

1 Pedro (1P 2,25): «Porque vosotros erais como ovejas...»","- Uso litúrgico: IV Domingo de Pascua (Domingo del Buen Pastor), celebraciones vocacionales y canto de comunión.
- Carácter musical: Pastoral, tierno, cálido, confiado y profundamente orante.	"
Virgen de la maravilla,Kiko Argüello,"Tradición mariana; Lucas 1,48-49; Salmo 45 (44)","Himno de alabanza y asombro ante la Virgen María, en quien el Omnipotente ha hecho maravillas, convirtiéndola en aurora de salvación y refugio de los creyentes.","- Las grandes obras de Dios en la pequeñez: Dios realiza maravillas inescrutables tomando la bajeza de su esclava para dar vida al mundo.
- La Reina ataviada de oro y perlas: María como la Esposa regia que intercede por sus hijos con entrañable solicitud maternal.
- El asombro de la Iglesia: Contemplar la belleza de la gracia operada en la Madre del Redentor.",Cristo se manifiesta como el Dios Altísimo y Maravilloso que quiso encarnarse en el seno purísimo de la Virgen María.,Testimonio del cristiano que contempla la vida de la Virgen y descubre la grandeza del amor de Dios manifestado en la ternura mariana.,"«Virgen de la maravilla, en ti hizo grandes cosas el Poderoso...»

Lucas (Lc 1,49): «Porque me ha hecho grandes...»

«Toda hermosa eres, hija de Sión...»

Cantares (Ct 4,7): «Toda tú eres hermosa, amiga...»

Salmos (Sal 45,13): «Toda hermosa es la hija...»

Lucas (Lc 1,48): «Me dirán bienaventurada todas las...»","- Uso litúrgico: Fiestas marianas, peregrinaciones, rezo del Rosario y cantos comunitarios.
- Carácter musical: Melódico, dulce, festivo, jubiloso y entrañable.	"
Vivid alegres,Kiko Argüello,"Filipenses 4,4-7; 1 Tesalonicenses 5,16-18","Exhortación apostólica a la alegría pascual permanente: estad siempre alegres en el Señor; os lo repito, estad alegres. El Señor está cerca, no os inquietéis por nada.","- La alegría como mandamiento y fruto del Espíritu: La alegría cristiana no depende de las circunstancias externas, sino de la presencia viva del Señor.
- La cercanía del Señor (*Maranatha*): El Señor está a la puerta, disipando la ansiedad y llenando el corazón de una paz que sobrepasa todo entendimiento.
- La acción de gracias continua: En toda circunstancia, orar y dar gracias a Dios porque Él cuida de los suyos.",Cristo se manifiesta como la Alegría y la Paz verdadera que habita en medio de su comunidad redimida.,"Testimonio del creyente que, en medio de tribulaciones, experimenta el consuelo y la alegría sobrenatural que Dios regala al que ora.","«Vivid alegres en el Señor, os lo repito, estad alegres; el Señor está cerca...»

Filipenses (Flp 4,4-5): «Regocijaos en el Señor siempre...»

«Por nada estéis afanosos, sino sean conocidas vuestras peticiones delante de Dios...»

Filipenses (Flp 4,6): «Por nada estéis afanosos...»

«Y la paz de Dios, que sobrepasa todo entendimiento, guardará vuestros corazones...»

Filipenses (Flp 4,7): «Y la paz de Dios...»

1 Tesalonicenses (1Ts 5,16): «Estad siempre alegres...»","- Uso litúrgico: Domingo Gaudete, Tiempo Pascual, celebraciones festivas y de envío comunitario.
- Carácter musical: Alegre, vivo, rítmico, danzante y exultante.	"
Vosotros sois la luz del mundo,Kiko Argüello,"Mateo 5,14-16 (Sermón de la Montaña)",La vocación luminosa de los discípulos: una ciudad asentada sobre un monte no se puede esconder; haced que vuestra luz brille ante los hombres para que glorifiquen al Padre.,"- La luz recibida no se oculta: El discípulo no es luz por sí mismo, sino porque refleja la claridad de Cristo sobre el celemín del mundo.
- Las buenas obras que glorifican a Dios: El testimonio de la caridad fraterna y del perdón no busca el aplauso propio, sino que los hombres alaben al Padre celestial.
- La sal de la tierra: Llamamiento a dar sabor de Evangelio y preservar de la corrupción a la sociedad.",Cristo se manifiesta como la Luz verdadera que se comunica a sus discípulos haciéndoles partícipes de su misma misión.,Testimonio del cristiano que asume su responsabilidad de dar testimonio de Cristo en su entorno laboral y familiar sin temor al qué dirán.,"«Vosotros sois la luz del mundo; una ciudad asentada sobre un monte no se puede esconder...»

Mateo (Mt 5,14): «Vosotros sois la luz del...»

«Ni se enciende una luz para ponerla debajo del celemín, sino sobre el candelero...»

Mateo (Mt 5,15): «Ni se enciende una luz...»

«Así alumbre vuestra luz delante de los hombres, para que vean vuestras buenas obras...»

Mateo (Mt 5,16): «Así alumbre vuestra luz...»

1 Pedro (1P 2,12): «Manteniendo buena vuestra manera...»

Filipenses (Flp 2,15): «Para que seáis irreprensibles y...»","- Uso litúrgico: Convivencias de envío apostólico, jornadas misioneras, escrutinios y liturgia dominical.
- Carácter musical: Ágil, brillante, rítmico, entusiasta y con fuerza comunitaria.	"
Ya viene mi Dios,Kiko Argüello,"Isaías 40,9-10; Malaquías 3,1; Apocalipsis 22,20","Anuncio jubiloso de la llegada inminente de Dios: Sube a un monte alto, mensajero de Sión; alza con fuerza tu voz y di a las ciudades de Judá: «He aquí vuestro Dios».","- El heraldo de la buena nueva: Subir al monte para proclamar que la esclavitud ha terminado y Dios viene con poder.
- El Señor viene con galardón: Su recompensa va con Él y su brazo gobierna con justicia paternal.
- La expectación de la fe: La Iglesia se pone en pie con júbilo para recibir al Rey que se acerca.",Cristo se manifiesta como el Dios que viene a rescatar a su pueblo y establecer su Reino eterno de justicia y paz.,"Testimonio del creyente que aguarda con esperanza la intervención de Dios en sus dificultades, sabiendo que el Señor no defrauda.","«Sube a un monte alto, alegre mensajero de Sión; alza con fuerza tu voz...»

Isaías (Is 40,9): «Súbete sobre un monte alto...»

«Di a las ciudades de Judá: ¡He aquí vuestro Dios!...»

Isaías (Is 40,9b): «Di a las ciudades de...»

«He aquí que el Señor Dios viene con poder, y su brazo domina...»

Isaías (Is 40,10): «He aquí que el Señor...»

Apocalipsis (Ap 22,12): «He aquí yo vengo pronto...»","- Uso litúrgico: Tiempo de Adviento, celebraciones proféticas y cantos de entrada.
- Carácter musical: Festivo, brillante, exultante, rítmico y de alegre proclamación.	"
"Yahveh, tú eres mi Dios",Kiko Argüello,"Isaías 25,1-4.8-9","Himno de exultación al Dios de la salvación: has hecho maravillas, has sido plaza fuerte para el débil y refugio contra la tormenta; en aquel día se dirá: «Este es nuestro Dios, en Él esperamos».","- El Dios de las maravillas ocultas: Alabanza por los designios de fidelidad cumplidos a través de la historia de la salvación.
- Destrucción de la muerte para siempre: El Señor enjugará las lágrimas de todos los rostros y eliminará el oprobio de su pueblo en toda la tierra.
- El banquete escatológico y la alegría pascual: «Este es nuestro Dios, esperábamos en Él y nos ha salvado; alegrémonos y gocémonos en su salvación».",Cristo se manifiesta como el Salvador que destruye la muerte para siempre y enjuga las lágrimas de los redimidos.,Testimonio de la comunidad que ha atravesado pruebas duras y proclama con lágrimas de gratitud que Dios ha sido su refugio seguro.,"«Yahvéh, tú eres mi Dios; te ensalzaré, alabaré tu nombre porque has hecho maravillas...»

Isaías (Is 25,1): «Jehová, tú eres mi Dios...»

«Porque fuiste fortaleza al pobre, fortaleza al menesteroso en su angustia...»

Isaías (Is 25,4): «Porque fuiste fortaleza al pobre...»

«Destruirá a la muerte para siempre; y enjugará el Señor toda lágrima de todos los rostros...»

Isaías (Is 25,8): «Destruirá a la muerte para...»

Apocalipsis (Ap 21,4): «Enjugará Dios toda lágrima de...»

«Y se dirá en aquel día: He aquí, este es nuestro Dios, le hemos esperado...»

Isaías (Is 25,9): «Y se dirá en aquel...»","- Uso litúrgico: Vigilia Pascual, celebraciones de acción de gracias y tiempo de Pascua.
- Carácter musical: Solemne, jubiloso, triunfal, majestuoso y coral.	"
"Yo Te amo, Señor",Kiko Argüello,"Salmo 18 (17),1-4.47","El gran salmo de liberación y amor filial: «Yo te amo, Señor, mi fortaleza; el Señor es mi roca, mi alcázar, mi libertador, mi Dios, mi peña en que me cobijo».","- Declaración apaixonada de amor al Creador: El orante no solo pide favores, sino que proclama un vínculo afectivo profundo con su Dios: «Yo Te amo, Señor».
- Dios como alcázar inexpugnable: En medio de las redes de la muerte y los torrentes de iniquidad que aterrorizan, Dios interviene desde su templo y rescata al justo.
- Victoria sobre los enemigos: El Señor vive, bendita sea mi roca, exaltado sea el Dios de su salvación.",Cristo se manifiesta como la Roca firme y el Libertador que desciende a los abismos de la muerte para rescatarnos con su amor.,"Testimonio del creyente que, tras una liberación profunda de vicios o angustias, expresa su gratitud apasionada declarando su amor a Dios.","«Yo te amo, Señor, mi fortaleza; el Señor es mi roca, mi baluarte y mi libertador...»

Salmos (Sal 18,1-2): «Te amaré, oh Yahvéh, fortaleza...»

«Me rodeaban las olas de la muerte, los torrentes de iniquidad me aterrorizaban...»

Salmos (Sal 18,4): «Me rodearon ligaduras de muerte...»

«Invoqué al Señor en mi angustia y clamé a mi Dios...»

Salmos (Sal 18,6): «En mi angustia invoqué a...»

«¡Viva el Señor! Bendita sea mi roca, exaltado sea el Dios de mi salvación...»

Salmos (Sal 18,46): «¡Viva Yahvéh, y bendita...»","- Uso litúrgico: Canto de comunión, celebraciones de acción de gracias, Laudes solemnes y bodas.
- Carácter musical: Apasionado, solemne, lírico, orante y con gran fuerza expresiva.	"
Yo vengo a reunir,Kiko Argüello,"Isaías 66,18-20; Ezequiel 36,24; Juan 11,52","Oráculo de congregación universal: «Yo vengo a reunir a todas las naciones y lenguas; vendrán y verán mi gloria, y enviaré mensajeros a las costas lejanas».","- La reunificación de los dispersos: Dios congrega en un solo pueblo a hombres de todas las razas, lenguas y culturas mediante el anuncio apostólico.
- La manifestación de la gloria divina: Las naciones contemplan la santidad de Dios revelada en la unidad de su Iglesia.
- La ofrenda universal: Los pueblos son presentados ante el altar del Señor como ofrenda santa de salvación.",Cristo se manifiesta como el Buen Pastor que reúne a los hijos de Dios dispersos para formar un solo rebaño bajo su amor.,"Testimonio de la universalidad vivida en la Iglesia, donde personas de procedencias opuestas se reconocen hermanos en la misma mesa.","«Porque yo conozco sus obras y sus pensamientos; tiempo vendrá para reunir a todas las naciones...»

Isaías (Is 66,18): «Porque yo conozco sus...»

«Y pondré entre ellos señal, y enviaré de los escapados a las naciones...»

Isaías (Is 66,19): «Y pondré entre ellos señal...»

Juan (Jn 11,52): «Y no solamente por la...»

Efesios (Ef 2,14): «Porque él es nuestra paz...»","- Uso litúrgico: Jornadas misioneras, encuentros internacionales, convivencias y celebraciones de la Palabra.
- Carácter musical: Solemne, procesional, coral, enérgico y con amplitud universal.	"
Zaqueo,Kiko Argüello,"Lucas 19,1-10","El encuentro transformador entre Jesús y el rico publicano Zaqueo subido al sicómoro en Jericó: «Zaqueo, baja pronto, porque hoy tengo que hospedarme en tu casa».","- La iniciativa gratuita de la gracia: Jesús busca al pecador despreciado antes de que éste cambie moralmente; lo llama por su nombre con misericordia.
- La acogida gozosa del Maestro: Zaqueo baja aprisa y recibe a Jesús con alegría en su hogar.
- La verdadera conversión del corazón: La salvación entra en la casa cuando el avaro restituye cuatro veces más y da la mitad de sus bienes a los pobres.","Cristo se manifiesta como el Hijo del Hombre que ha venido a buscar y a salvar lo que estaba perdido, comiendo con los publicanos y pecadores.",Testimonio del pecador agobiado por el dinero o el egoísmo que experimenta el perdón de Jesús y cambia radicalmente su relación con los bienes y el prójimo.,"«Zaqueo, date prisa, baje hoy, porque es necesario que pouse en tu casa...»

Lucas (Lc 19,5): «Y cuando Jesús llegó a...»

«Él entonces, descendiendo aprisa, le recibió gozoso...»

Lucas (Lc 19,6): «Entonces él descendió aprisa, y...»

«Hoy ha venido la salvación a esta casa...»

Lucas (Lc 19,9): «Jesús le dijo: Hoy ha...»

«Porque el Hijo del Hombre vino a buscar y a salvar lo que se había perdido...»

Lucas (Lc 19,10): «Porque el Hijo del Hombre...»","- Uso litúrgico: Celebraciones penitenciales, escrutinios de conversión, Eucaristías dominicales y tiempos ordinarios.
- Carácter musical: Narrativo, alegre, ágil, entrañable y con ritmo popular.	"
